endpoint_name;healthy_days_week;healthy_days_month
ICS-LTP-ANDKON;0.0;6.0
ICS-LTP-ANAGRE;0.0;6.0
ICS-LTP-MUHKHA;0.0;6.0
ICS-LTP-FAIHAY;0.0;6.0
ICS-LTP-PREKUM;0.0;6.0
ICS-LTP-GUYOKA;0.0;6.0
ICS-LTP-PETTRA;0.0;6.0
ICS-LTP-CTIHIK;0.0;6.0
ICS-LTP-EUGHAR2;0.0;6.0
ICS-LTP-GINBOH;0.0;6.0
ICS-DTP-NISUDA;0.0;6.0
ICS-DTP-OSCYIP;0.0;6.0
ICS-LTP-DANMCK2;0.0;6.0
ICS-LTP-LAWCON;0.0;6.0
ICS-DTP-PETTRA;0.0;6.0
ICS-LTP-VIRFRO2;0.0;6.0
ICS-LTP-ODAALT;0.0;6.0
ICS-DTP-BACKUP;0.0;6.0
ICS-LTP-FAIHAY2;0.0;6.0
ICS-LTP-CTIUSP;0.0;6.0
ICS-LTP-SIDKHA2;0.0;6.0
ICS-DTP-NOC3-AUSY;0.0;6.0
ICS-LTP-MANSIA;0.0;6.0
ICS-LTP-NOC1-AUSY;0.0;6.0
ICS-LTP-NISUDA;0.0;6.0
ICS-LTP-DAVSLE2;0.0;6.0
ICS-LTP-MONSIN;0.0;6.0
ICS-LTP-JEFSHU;0.0;6.0
ICS-LTP-ANORUS;0.0;6.0
ICS-LTP-THABAL2;0.0;6.0
ICS-LTP-JOHBRA;0.0;6.0
ICS-DTP-NOC4-AU;0.0;6.0
ICS-LTP-PETMIS2;0.0;6.0
ICS-LTP-TAMBAL;0.0;6.0
ICS-LTP-OSCYIP;0.0;6.0
ICS-LTP-PATCUR2;0.0;6.0
ICS-LTP-SPARENZ;0.0;6.0
ICS-LTP-FARNAW;0.0;6.0
ICS-DTP-NOC2-NZHQ;0.0;6.0
ICS-LTP-CANAYU1;0.0;6.0
ICS-LTP-LAUBRE;0.0;6.0
ICS-LTP-VELSEL;0.0;6.0
ICS-DTP-NOC1-NZHQ;0.0;6.0
ICS-LTP-GRABRU2;0.0;6.0
ICS-LTP-ANDWHI;0.0;6.0
ICS-LTP-HAMMAA;0.0;6.0
ICS-DTP-NOC3-NZHQ;0.0;5.0
ICS-LTP-MANKID;0.0;5.0
ICS-LTP-HARGAU;0.0;5.0
ICS-LTP-MATWHI1;0.0;5.0
ICS-DTP-NOC2-AUSY;0.0;5.0
ICS-LTP-MICWON;0.0;5.0
ICS-DTP-NOC4-NZ;0.0;5.0
ICS-LTP-ANDGAR;0.0;5.0
ICS-SAMBRU;0.0;5.0
ICS-LTP-CTIAUS;0.0;4.0
ICS-DTP-BOARD;0.0;4.0
ICS-LTP-FLOBLO;0.0;4.0
ICS-LTP-YENIRA;0.0;3.0
ICS-LTP-DONGIA;0.0;3.0
ICS-LTP-SAAALI;0.0;2.0
ICS-LTP-STEZAA;0.0;2.0
ICS-LTP-LUDHUT2;0.0;2.0
ICS-LTP-JUSSPA2;0.0;2.0
ICS-LTP-MARLEC2;0.0;0.0
ICS-LTP-CTINZMA;0.0;0.0
ICS-LTP-BATAM1;0.0;0.0
ICS-LTP-DAVDOM2;0.0;0.0
ICS-LTP-YESPAN;0.0;0.0
ICS-LTP-AUSYSPARE;0.0;0.0
ICS-LTP-JOHBRA2;0.0;0.0
ICS-LTP-SHEPIN2;0.0;0.0
ICS-LTP-PARARO;0.0;0.0
ICS-LTP-CANAYU;0.0;0.0
ICS-LTP-CTINZM;0.0;0.0
ICS-LTP-RALGOM;0.0;0.0
ICS-LTP-SHAWAD2;0.0;0.0
ICS-LTP-FRENAI;0.0;0.0
ICS-LTP-HOMCHO;0.0;0.0
ICS-LTP-AKSTAN;0.0;0.0
ICS-LTP-MARFAU;0.0;0.0
ICS-LTP-CECDUR;0.0;0.0
ICS-LTP-MATWHI;0.0;0.0
ICS-LTP-BATAM2;0.0;0.0
ICS-LTP-AGUAND;0.0;0.0
ICS-DTP-NOCMONITOR;0.0;0.0
ICS-LTP-CTIASG;0.0;0.0
