2024-02-24T02:45:00Z;"0,""condition"
2024-02-24T02:45:00Z;"0,""condition"
2024-02-24T02:45:00Z;"0,""condition"
2024-02-24T02:45:00Z;"0,""condition"
2024-02-24T02:45:00Z;"0,""condition"
2024-02-24T02:45:00Z;"0,""condition"
2024-02-24T02:45:00Z;"0,""condition"
2024-02-24T02:45:00Z;"0,""condition"
2024-02-24T02:45:00Z;"0,""condition"
2024-02-24T02:45:00Z;"0,""condition"
2024-02-24T02:45:00Z;"0,""condition"
2024-02-24T02:45:00Z;"0,""condition"
2024-02-24T02:45:00Z;"1.701,""condition"
2024-02-24T02:45:00Z;"2.656,""condition"
2024-02-24T02:45:00Z;"0.556,""condition"
2024-02-24T02:45:00Z;"0.865,""condition"
2024-02-24T02:45:00Z;"1.671,""condition"
2024-02-24T02:45:00Z;"0.525,""condition"
2024-02-24T02:45:00Z;"0,""binStateNative"
2024-02-24T02:45:00Z;"0,""binStateNative"
2024-02-24T02:45:00Z;"0,""binStateNative"
2024-02-24T02:45:00Z;"0,""binStateNative"
2024-02-24T02:45:00Z;"0,""binStateNative"
2024-02-24T02:45:00Z;"0,""binStateNative"
2024-02-24T02:45:00Z;"7.438,""condition"
2024-02-24T02:45:00Z;"10.085,""condition"
2024-02-24T02:45:00Z;"6.433,""condition"
2024-02-24T02:45:00Z;"15.649,""condition"
2024-02-24T02:45:00Z;"37.729,""condition"
2024-02-24T02:45:00Z;"8.445,""condition"
2024-02-24T02:45:00Z;"7.438,""condition"
2024-02-24T02:45:00Z;"10.085,""condition"
2024-02-24T02:45:00Z;"6.433,""condition"
2024-02-24T02:45:00Z;"15.649,""condition"
2024-02-24T02:45:00Z;"37.729,""condition"
2024-02-24T02:45:00Z;"8.445,""condition"
2024-02-24T02:45:00Z;"15.65,""condition"
2024-02-24T02:45:00Z;"36.528,""condition"
2024-02-24T02:45:00Z;"8.398,""condition"
2024-02-24T02:45:00Z;"7.438,""condition"
2024-02-24T02:45:00Z;"10.164,""condition"
2024-02-24T02:45:00Z;"6.389,""condition"
2024-02-24T02:45:00Z;"21.399,""binStateNative"
2024-02-24T02:45:00Z;"24.815,""binStateNative"
2024-02-24T02:45:00Z;"18.401,""binStateNative"
2024-02-24T02:45:00Z;"6.931,""binStateNative"
2024-02-24T02:45:00Z;"8.254,""binStateNative"
2024-02-24T02:45:00Z;"5.977,""binStateNative"
2024-02-24T02:45:00Z;"5.081,""condition"
2024-02-24T02:45:00Z;"20.227,""condition"
2024-02-24T02:45:00Z;"3.998,""condition"
2024-02-24T02:45:00Z;"8.674,""condition"
2024-02-24T02:45:00Z;"100,""condition"
2024-02-24T02:45:00Z;"6.111,""condition"
2024-02-24T02:45:00Z;"0,""condition"
2024-02-24T02:45:00Z;"0,""condition"
2024-02-24T02:45:00Z;"0,""condition"
2024-02-24T02:45:00Z;"0,""condition"
2024-02-24T02:45:00Z;"0,""condition"
2024-02-24T02:45:00Z;"0,""condition"
2024-02-24T02:45:00Z;"1.19,""condition"
2024-02-24T02:45:00Z;"1.935,""condition"
2024-02-24T02:45:00Z;"1.004,""condition"
2024-02-24T02:45:00Z;"9.223,""condition"
2024-02-24T02:45:00Z;"10.728,""condition"
2024-02-24T02:45:00Z;"7.939,""condition"
2024-02-24T02:45:00Z;"8.674,""condition"
2024-02-24T02:45:00Z;"100,""condition"
2024-02-24T02:45:00Z;"6.115,""condition"
2024-02-24T02:45:00Z;"5.081,""condition"
2024-02-24T02:45:00Z;"19.916,""condition"
2024-02-24T02:45:00Z;"4.023,""condition"
2024-02-24T02:45:00Z;"0.001,""condition"
2024-02-24T02:45:00Z;"0.003,""condition"
2024-02-24T02:45:00Z;"0,""condition"
2024-02-24T02:45:00Z;"0,""condition"
2024-02-24T02:45:00Z;"0.001,""condition"
2024-02-24T02:45:00Z;"0,""condition"
2024-02-24T02:45:00Z;"6.929,""condition"
2024-02-24T02:45:00Z;"8.223,""condition"
2024-02-24T02:45:00Z;"5.921,""condition"
2024-02-24T02:45:00Z;"21.372,""condition"
2024-02-24T02:45:00Z;"25.121,""condition"
2024-02-24T02:45:00Z;"18.352,""condition"
2024-02-24T02:45:00Z;"0,""condition"
2024-02-24T02:45:00Z;"0,""condition"
2024-02-24T02:45:00Z;"0,""condition"
2024-02-24T02:45:00Z;"0,""condition"
2024-02-24T02:45:00Z;"0,""condition"
2024-02-24T02:45:00Z;"0,""condition"
2024-02-24T02:45:00Z;"0,""condition"
2024-02-24T02:45:00Z;"0.001,""condition"
2024-02-24T02:45:00Z;"0,""condition"
2024-02-24T02:45:00Z;"0.001,""condition"
2024-02-24T02:45:00Z;"0.004,""condition"
2024-02-24T02:45:00Z;"0,""condition"
2024-02-24T02:45:00Z;"0,""binStateNative"
2024-02-24T02:45:00Z;"0,""binStateNative"
2024-02-24T02:45:00Z;"0,""binStateNative"
2024-02-24T02:45:00Z;"0,""binStateNative"
2024-02-24T02:45:00Z;"0,""binStateNative"
2024-02-24T02:45:00Z;"0,""binStateNative"
2024-02-24T02:45:00Z;"8.708,""binStateNative"
2024-02-24T02:45:00Z;"100,""binStateNative"
2024-02-24T02:45:00Z;"6.119,""binStateNative"
2024-02-24T02:45:00Z;"5.089,""binStateNative"
2024-02-24T02:45:00Z;"17.595,""binStateNative"
2024-02-24T02:45:00Z;"4.01,""binStateNative"
2024-02-24T02:45:00Z;"0.044,""condition"
2024-02-24T02:45:00Z;"0.105,""condition"
2024-02-24T02:45:00Z;"0.017,""condition"
2024-02-24T02:45:00Z;"0.187,""condition"
2024-02-24T02:45:00Z;"0.484,""condition"
2024-02-24T02:45:00Z;"0.023,""condition"
2024-02-24T02:45:00Z;"0,""condition"
2024-02-24T02:45:00Z;"0,""condition"
2024-02-24T02:45:00Z;"0,""condition"
2024-02-24T02:45:00Z;"0,""condition"
2024-02-24T02:45:00Z;"0,""condition"
2024-02-24T02:45:00Z;"0,""condition"
2024-02-24T02:45:00Z;"0,""binStateNative"
2024-02-24T02:45:00Z;"0,""binStateNative"
2024-02-24T02:45:00Z;"0,""binStateNative"
2024-02-24T02:45:00Z;"33.567,""binStateNative"
2024-02-24T02:45:00Z;"40.154,""binStateNative"
2024-02-24T02:45:00Z;"31.396,""binStateNative"
2024-02-24T02:45:00Z;"0,""binStateNative"
2024-02-24T02:45:00Z;"0.001,""binStateNative"
2024-02-24T02:45:00Z;"0,""binStateNative"
2024-02-24T02:45:00Z;"0.001,""binStateNative"
2024-02-24T02:45:00Z;"0.004,""binStateNative"
2024-02-24T02:45:00Z;"0,""binStateNative"
2024-02-24T02:45:00Z;"5.767,""condition"
2024-02-24T02:45:00Z;"9.019,""condition"
2024-02-24T02:45:00Z;"3.975,""condition"
2024-02-24T02:45:00Z;"5.292,""condition"
2024-02-24T02:45:00Z;"7.196,""condition"
2024-02-24T02:45:00Z;"4.462,""condition"
2024-02-24T02:45:00Z;"33.568,""condition"
2024-02-24T02:45:00Z;"40.169,""condition"
2024-02-24T02:45:00Z;"31.351,""condition"
2024-02-24T02:45:00Z;"0,""condition"
2024-02-24T02:45:00Z;"0,""condition"
2024-02-24T02:45:00Z;"0,""condition"
2024-02-24T02:45:00Z;"5.085,""condition"
2024-02-24T02:45:00Z;"17.593,""condition"
2024-02-24T02:45:00Z;"4.01,""condition"
2024-02-24T02:45:00Z;"8.691,""condition"
2024-02-24T02:45:00Z;"100,""condition"
2024-02-24T02:45:00Z;"6.119,""condition"
2024-02-24T02:45:00Z;"0,""condition"
2024-02-24T02:45:00Z;"0.001,""condition"
2024-02-24T02:45:00Z;"0,""condition"
2024-02-24T02:45:00Z;"0,""condition"
2024-02-24T02:45:00Z;"0.001,""condition"
2024-02-24T02:45:00Z;"0,""condition"
2024-02-24T02:45:00Z;"0.001,""condition"
2024-02-24T02:45:00Z;"0.004,""condition"
2024-02-24T02:45:00Z;"0,""condition"
2024-02-24T02:45:00Z;"0,""condition"
2024-02-24T02:45:00Z;"0.001,""condition"
2024-02-24T02:45:00Z;"0,""condition"
2024-02-24T02:45:00Z;"0,""condition"
2024-02-24T02:45:00Z;"0.001,""condition"
2024-02-24T02:45:00Z;"0,""condition"
2024-02-24T02:45:00Z;"0,""condition"
2024-02-24T02:45:00Z;"0.001,""condition"
2024-02-24T02:45:00Z;"0,""condition"
2024-02-24T02:45:00Z;"0.518,""condition"
2024-02-24T02:45:00Z;"1.156,""condition"
2024-02-24T02:45:00Z;"0.062,""condition"
2024-02-24T02:45:00Z;"0.303,""condition"
2024-02-24T02:45:00Z;"1.068,""condition"
2024-02-24T02:45:00Z;"0.132,""condition"
2024-02-24T02:45:00Z;"0,""condition"
2024-02-24T02:45:00Z;"0,""condition"
2024-02-24T02:45:00Z;"0,""condition"
2024-02-24T02:45:00Z;"0,""condition"
2024-02-24T02:45:00Z;"0,""condition"
2024-02-24T02:45:00Z;"0,""condition"
2024-02-24T02:45:00Z;"0,""condition"
2024-02-24T02:45:00Z;"0,""condition"
2024-02-24T02:45:00Z;"0,""condition"
2024-02-24T02:45:00Z;"0,""condition"
2024-02-24T02:45:00Z;"0,""condition"
2024-02-24T02:45:00Z;"0,""condition"
2024-02-24T02:45:00Z;"33.571,""condition"
2024-02-24T02:45:00Z;"40.602,""condition"
2024-02-24T02:45:00Z;"31.36,""condition"
2024-02-24T02:45:00Z;"0,""condition"
2024-02-24T02:45:00Z;"0,""condition"
2024-02-24T02:45:00Z;"0,""condition"
2024-02-24T02:45:00Z;"15.343,""condition"
2024-02-24T02:45:00Z;"17.631,""condition"
2024-02-24T02:45:00Z;"13.417,""condition"
2024-02-24T02:45:00Z;"13.451,""condition"
2024-02-24T02:45:00Z;"16.703,""condition"
2024-02-24T02:45:00Z;"9.651,""condition"
2024-02-24T02:45:00Z;"0,""condition"
2024-02-24T02:45:00Z;"0,""condition"
2024-02-24T02:45:00Z;"0,""condition"
2024-02-24T02:45:00Z;"0,""condition"
2024-02-24T02:45:00Z;"0,""condition"
2024-02-24T02:45:00Z;"0,""condition"
2024-02-24T02:45:00Z;"0,""condition"
2024-02-24T02:45:00Z;"0,""condition"
2024-02-24T02:45:00Z;"0,""condition"
2024-02-24T02:45:00Z;"0,""condition"
2024-02-24T02:45:00Z;"0,""condition"
2024-02-24T02:45:00Z;"0,""condition"
2024-02-24T02:45:00Z;"0.368,""condition"
2024-02-24T02:45:00Z;"0.775,""condition"
2024-02-24T02:45:00Z;"0.1,""condition"
2024-02-24T02:45:00Z;"0.525,""condition"
2024-02-24T02:45:00Z;"1.202,""condition"
2024-02-24T02:45:00Z;"0.125,""condition"
2024-02-24T02:45:00Z;"0,""condition"
2024-02-24T02:45:00Z;"0,""condition"
2024-02-24T02:45:00Z;"0,""condition"
2024-02-24T02:45:00Z;"33.571,""condition"
2024-02-24T02:45:00Z;"40.601,""condition"
2024-02-24T02:45:00Z;"31.363,""condition"
2024-02-24T02:45:00Z;"0.487,""condition"
2024-02-24T02:45:00Z;"1.185,""condition"
2024-02-24T02:45:00Z;"0.193,""condition"
2024-02-24T02:45:00Z;"0.738,""condition"
2024-02-24T02:45:00Z;"1.18,""condition"
2024-02-24T02:45:00Z;"0.491,""condition"
2024-02-24T02:45:00Z;"0.368,""condition"
2024-02-24T02:45:00Z;"0.44,""condition"
2024-02-24T02:45:00Z;"0.331,""condition"
2024-02-24T02:45:00Z;"14.692,""condition"
2024-02-24T02:45:00Z;"16.938,""condition"
2024-02-24T02:45:00Z;"12.957,""condition"
2024-02-24T02:45:00Z;"0.044,""condition"
2024-02-24T02:45:00Z;"0.107,""condition"
2024-02-24T02:45:00Z;"0.016,""condition"
2024-02-24T02:45:00Z;"0.187,""condition"
2024-02-24T02:45:00Z;"0.537,""condition"
2024-02-24T02:45:00Z;"0.026,""condition"
2024-02-24T02:45:00Z;"5.766,""condition"
2024-02-24T02:45:00Z;"9.429,""condition"
2024-02-24T02:45:00Z;"3.804,""condition"
2024-02-24T02:45:00Z;"5.291,""condition"
2024-02-24T02:45:00Z;"7.176,""condition"
2024-02-24T02:45:00Z;"4.436,""condition"
2024-02-24T02:45:00Z;"0,""condition"
2024-02-24T02:45:00Z;"0.001,""condition"
2024-02-24T02:45:00Z;"0,""condition"
2024-02-24T02:45:00Z;"0,""condition"
2024-02-24T02:45:00Z;"0.001,""condition"
2024-02-24T02:45:00Z;"0,""condition"
2024-02-24T02:45:00Z;"0,""condition"
2024-02-24T02:45:00Z;"0.001,""condition"
2024-02-24T02:45:00Z;"0,""condition"
2024-02-24T02:45:00Z;"0,""condition"
2024-02-24T02:45:00Z;"0,""condition"
2024-02-24T02:45:00Z;"0,""condition"
2024-02-24T02:45:00Z;"96.906,""condition"
2024-02-24T02:45:00Z;"96.906,""condition"
2024-02-24T02:45:00Z;"96.905,""condition"
2024-02-24T02:45:00Z;"96.906,""condition"
2024-02-24T02:45:00Z;"96.906,""condition"
2024-02-24T02:45:00Z;"96.905,""condition"
2024-02-24T02:45:00Z;"0.014,""condition"
2024-02-24T02:45:00Z;"0.143,""condition"
2024-02-24T02:45:00Z;"0.004,""condition"
2024-02-24T02:45:00Z;"0.02,""condition"
2024-02-24T02:45:00Z;"0.041,""condition"
2024-02-24T02:45:00Z;"0.005,""condition"
2024-02-24T02:45:00Z;"0,""condition"
2024-02-24T02:45:00Z;"0,""condition"
2024-02-24T02:45:00Z;"0,""condition"
2024-02-24T02:45:00Z;"0,""condition"
2024-02-24T02:45:00Z;"0,""condition"
2024-02-24T02:45:00Z;"0,""condition"
2024-02-24T02:45:00Z;"6.023,""condition"
2024-02-24T02:45:00Z;"6.764,""condition"
2024-02-24T02:45:00Z;"5.397,""condition"
2024-02-24T02:45:00Z;"29.564,""condition"
2024-02-24T02:45:00Z;"33.036,""condition"
2024-02-24T02:45:00Z;"26.681,""condition"
2024-02-24T02:45:00Z;"0,""condition"
2024-02-24T02:45:00Z;"0,""condition"
2024-02-24T02:45:00Z;"0,""condition"
2024-02-24T02:45:00Z;"0,""condition"
2024-02-24T02:45:00Z;"0,""condition"
2024-02-24T02:45:00Z;"0,""condition"
2024-02-24T02:45:00Z;"0,""condition"
2024-02-24T02:45:00Z;"0,""condition"
2024-02-24T02:45:00Z;"0,""condition"
2024-02-24T02:45:00Z;"0,""condition"
2024-02-24T02:45:00Z;"0,""condition"
2024-02-24T02:45:00Z;"0,""condition"
2024-02-24T02:45:00Z;"0.19,""condition"
2024-02-24T02:45:00Z;"0.582,""condition"
2024-02-24T02:45:00Z;"0.141,""condition"
2024-02-24T02:45:00Z;"0.106,""condition"
2024-02-24T02:45:00Z;"0.821,""condition"
2024-02-24T02:45:00Z;"0.045,""condition"
2024-02-24T02:45:00Z;"0,""condition"
2024-02-24T02:45:00Z;"0,""condition"
2024-02-24T02:45:00Z;"0,""condition"
2024-02-24T02:45:00Z;"0,""condition"
2024-02-24T02:45:00Z;"0,""condition"
2024-02-24T02:45:00Z;"0,""condition"
2024-02-24T02:45:00Z;"0,""condition"
2024-02-24T02:45:00Z;"0,""condition"
2024-02-24T02:45:00Z;"0,""condition"
2024-02-24T02:45:00Z;"0,""condition"
2024-02-24T02:45:00Z;"0,""condition"
2024-02-24T02:45:00Z;"0,""condition"
2024-02-24T02:45:00Z;"0,""condition"
2024-02-24T02:45:00Z;"0,""condition"
2024-02-24T02:45:00Z;"0,""condition"
2024-02-24T02:45:00Z;"0,""condition"
2024-02-24T02:45:00Z;"0,""condition"
2024-02-24T02:45:00Z;"0,""condition"
2024-02-24T02:45:00Z;"0,""condition"
2024-02-24T02:45:00Z;"0,""condition"
2024-02-24T02:45:00Z;"0,""condition"
2024-02-24T02:45:00Z;"0,""condition"
2024-02-24T02:45:00Z;"0,""condition"
2024-02-24T02:45:00Z;"0,""condition"
;
2024-02-24T02:45:00Z;"0,""condition"
2024-02-24T02:45:00Z;"0,""condition"
2024-02-24T02:45:00Z;"0,""condition"
2024-02-24T02:45:00Z;"0,""condition"
2024-02-24T02:45:00Z;"0,""condition"
2024-02-24T02:45:00Z;"0,""condition"
2024-02-24T02:45:00Z;"0,""condition"
2024-02-24T02:45:00Z;"0,""condition"
2024-02-24T02:45:00Z;"0,""condition"
2024-02-24T02:45:00Z;"0,""condition"
2024-02-24T02:45:00Z;"0,""condition"
2024-02-24T02:45:00Z;"0,""condition"
2024-02-24T02:45:00Z;"0,""condition"
2024-02-24T02:45:00Z;"0,""condition"
2024-02-24T02:45:00Z;"0,""condition"
2024-02-24T02:45:00Z;"0.137,""condition"
2024-02-24T02:45:00Z;"0.372,""condition"
2024-02-24T02:45:00Z;"0.029,""condition"
2024-02-24T02:45:00Z;"0,""condition"
2024-02-24T02:45:00Z;"0,""condition"
2024-02-24T02:45:00Z;"0,""condition"
2024-02-24T02:45:00Z;"0,""condition"
2024-02-24T02:45:00Z;"0,""condition"
2024-02-24T02:45:00Z;"0,""condition"
2024-02-24T02:45:00Z;"0,""condition"
2024-02-24T02:45:00Z;"0,""condition"
2024-02-24T02:45:00Z;"0,""condition"
2024-02-24T02:45:00Z;"0,""condition"
2024-02-24T02:45:00Z;"0,""condition"
2024-02-24T02:45:00Z;"0,""condition"
2024-02-24T02:45:00Z;"0,""condition"
2024-02-24T02:45:00Z;"0,""condition"
2024-02-24T02:45:00Z;"0,""condition"
2024-02-24T02:45:00Z;"0,""condition"
2024-02-24T02:45:00Z;"0,""condition"
2024-02-24T02:45:00Z;"0,""condition"
2024-02-24T02:45:00Z;"0,""condition"
2024-02-24T02:45:00Z;"0,""condition"
2024-02-24T02:45:00Z;"0,""condition"
2024-02-24T02:45:00Z;"0,""condition"
2024-02-24T02:45:00Z;"0,""condition"
2024-02-24T02:45:00Z;"0,""condition"
2024-02-24T02:45:00Z;"0,""condition"
2024-02-24T02:45:00Z;"0,""condition"
2024-02-24T02:45:00Z;"0,""condition"
2024-02-24T02:45:00Z;"0,""condition"
2024-02-24T02:45:00Z;"0,""condition"
2024-02-24T02:45:00Z;"0,""condition"
2024-02-24T02:45:00Z;"0,""condition"
2024-02-24T02:45:00Z;"0,""condition"
2024-02-24T02:45:00Z;"0,""condition"
2024-02-24T02:45:00Z;"0,""condition"
2024-02-24T02:45:00Z;"0,""condition"
2024-02-24T02:45:00Z;"0,""condition"
2024-02-24T02:45:00Z;"0,""condition"
2024-02-24T02:45:00Z;"0,""condition"
2024-02-24T02:45:00Z;"0,""condition"
2024-02-24T02:45:00Z;"0,""condition"
2024-02-24T02:45:00Z;"0,""condition"
2024-02-24T02:45:00Z;"0,""condition"
2024-02-24T02:45:00Z;"0,""condition"
2024-02-24T02:45:00Z;"0,""condition"
2024-02-24T02:45:00Z;"0,""condition"
2024-02-24T02:45:00Z;"0,""condition"
2024-02-24T02:45:00Z;"0,""condition"
2024-02-24T02:45:00Z;"0,""condition"
2024-02-24T02:45:00Z;"0,""condition"
2024-02-24T02:45:00Z;"0,""condition"
2024-02-24T02:45:00Z;"0,""condition"
2024-02-24T02:45:00Z;"0,""condition"
2024-02-24T02:45:00Z;"0,""condition"
2024-02-24T02:45:00Z;"0,""condition"
2024-02-24T02:45:00Z;"9.065,""condition"
2024-02-24T02:45:00Z;"10.862,""condition"
2024-02-24T02:45:00Z;"8.092,""condition"
2024-02-24T02:45:00Z;"5.502,""condition"
2024-02-24T02:45:00Z;"6.744,""condition"
2024-02-24T02:45:00Z;"4.58,""condition"
2024-02-24T02:45:00Z;"0,""condition"
2024-02-24T02:45:00Z;"0,""condition"
2024-02-24T02:45:00Z;"0,""condition"
2024-02-24T02:45:00Z;"13.616,""condition"
2024-02-24T02:45:00Z;"16.403,""condition"
2024-02-24T02:45:00Z;"11.181,""condition"
2024-02-24T02:45:00Z;"29.563,""condition"
2024-02-24T02:45:00Z;"32.777,""condition"
2024-02-24T02:45:00Z;"26.537,""condition"
2024-02-24T02:45:00Z;"6.02,""condition"
2024-02-24T02:45:00Z;"6.884,""condition"
2024-02-24T02:45:00Z;"5.401,""condition"
2024-02-24T02:45:00Z;"0,""condition"
2024-02-24T02:45:00Z;"0,""condition"
2024-02-24T02:45:00Z;"0,""condition"
2024-02-24T02:45:00Z;"0,""condition"
2024-02-24T02:45:00Z;"0,""condition"
2024-02-24T02:45:00Z;"0,""condition"
2024-02-24T02:45:00Z;"0.877,""condition"
2024-02-24T02:45:00Z;"1.723,""condition"
2024-02-24T02:45:00Z;"0.551,""condition"
2024-02-24T02:45:00Z;"0.819,""condition"
2024-02-24T02:45:00Z;"1.262,""condition"
2024-02-24T02:45:00Z;"0.419,""condition"
2024-02-24T02:45:00Z;"0,""condition"
2024-02-24T02:45:00Z;"0,""condition"
2024-02-24T02:45:00Z;"0,""condition"
2024-02-24T02:45:00Z;"0,""condition"
2024-02-24T02:45:00Z;"0,""condition"
2024-02-24T02:45:00Z;"0,""condition"
2024-02-24T02:45:00Z;"0.105,""condition"
2024-02-24T02:45:00Z;"0.832,""condition"
2024-02-24T02:45:00Z;"0.045,""condition"
2024-02-24T02:45:00Z;"0.19,""condition"
2024-02-24T02:45:00Z;"0.536,""condition"
2024-02-24T02:45:00Z;"0.152,""condition"
2024-02-24T02:45:00Z;"0,""condition"
2024-02-24T02:45:00Z;"0,""condition"
2024-02-24T02:45:00Z;"0,""condition"
2024-02-24T02:45:00Z;"0,""condition"
2024-02-24T02:45:00Z;"0,""condition"
2024-02-24T02:45:00Z;"0,""condition"
2024-02-24T02:45:00Z;"0,""condition"
2024-02-24T02:45:00Z;"0,""condition"
2024-02-24T02:45:00Z;"0,""condition"
2024-02-24T02:45:00Z;"0,""condition"
2024-02-24T02:45:00Z;"0,""condition"
2024-02-24T02:45:00Z;"0,""condition"
2024-02-24T02:45:00Z;"0,""condition"
2024-02-24T02:45:00Z;"0,""condition"
2024-02-24T02:45:00Z;"0,""condition"
2024-02-24T02:45:00Z;"0,""condition"
2024-02-24T02:45:00Z;"0,""condition"
2024-02-24T02:45:00Z;"0,""condition"
2024-02-24T02:45:00Z;"0,""condition"
2024-02-24T02:45:00Z;"0,""condition"
2024-02-24T02:45:00Z;"0,""condition"
2024-02-24T02:45:00Z;"0,""condition"
2024-02-24T02:45:00Z;"0,""condition"
2024-02-24T02:45:00Z;"0,""condition"
;
2024-02-24T02:45:00Z;"0,""condition"
2024-02-24T02:45:00Z;"0,""condition"
2024-02-24T02:45:00Z;"0,""condition"
2024-02-24T02:45:00Z;"0,""condition"
2024-02-24T02:45:00Z;"0,""condition"
2024-02-24T02:45:00Z;"0,""condition"
2024-02-24T02:45:00Z;"9.227,""condition"
2024-02-24T02:45:00Z;"10.745,""condition"
2024-02-24T02:45:00Z;"7.949,""condition"
2024-02-24T02:45:00Z;"1.19,""condition"
2024-02-24T02:45:00Z;"1.931,""condition"
2024-02-24T02:45:00Z;"0.997,""condition"
2024-02-24T02:45:00Z;"0,""condition"
2024-02-24T02:45:00Z;"0,""condition"
2024-02-24T02:45:00Z;"0,""condition"
2024-02-24T02:45:00Z;"0,""condition"
2024-02-24T02:45:00Z;"0,""condition"
2024-02-24T02:45:00Z;"0,""condition"
2024-02-24T02:45:00Z;"0.137,""condition"
2024-02-24T02:45:00Z;"0.403,""condition"
2024-02-24T02:45:00Z;"0.027,""condition"
2024-02-24T02:45:00Z;"0,""condition"
2024-02-24T02:45:00Z;"0,""condition"
2024-02-24T02:45:00Z;"0,""condition"
2024-02-24T02:45:00Z;"0,""condition"
2024-02-24T02:45:00Z;"0,""condition"
2024-02-24T02:45:00Z;"0,""condition"
2024-02-24T02:45:00Z;"0,""condition"
2024-02-24T02:45:00Z;"0,""condition"
2024-02-24T02:45:00Z;"0,""condition"
2024-02-24T02:45:00Z;"0,""condition"
2024-02-24T02:45:00Z;"0,""condition"
2024-02-24T02:45:00Z;"0,""condition"
2024-02-24T02:45:00Z;"0,""condition"
2024-02-24T02:45:00Z;"0,""condition"
2024-02-24T02:45:00Z;"0,""condition"
2024-02-24T02:45:00Z;"0,""condition"
2024-02-24T02:45:00Z;"0,""condition"
2024-02-24T02:45:00Z;"0,""condition"
2024-02-24T02:45:00Z;"0,""condition"
2024-02-24T02:45:00Z;"0,""condition"
2024-02-24T02:45:00Z;"0,""condition"
2024-02-24T02:45:00Z;"0,""condition"
2024-02-24T02:45:00Z;"0,""condition"
2024-02-24T02:45:00Z;"0,""condition"
2024-02-24T02:45:00Z;"0,""condition"
2024-02-24T02:45:00Z;"0,""condition"
2024-02-24T02:45:00Z;"0,""condition"
2024-02-24T02:45:00Z;"0,""condition"
2024-02-24T02:45:00Z;"0,""condition"
2024-02-24T02:45:00Z;"0,""condition"
2024-02-24T02:45:00Z;"0,""condition"
2024-02-24T02:45:00Z;"0,""condition"
2024-02-24T02:45:00Z;"0,""condition"
2024-02-24T02:45:00Z;"0,""condition"
2024-02-24T02:45:00Z;"0,""condition"
2024-02-24T02:45:00Z;"0,""condition"
2024-02-24T02:45:00Z;"0,""condition"
2024-02-24T02:45:00Z;"0,""condition"
2024-02-24T02:45:00Z;"0,""condition"
2024-02-24T02:45:00Z;"47.499,""condition"
2024-02-24T02:45:00Z;"55.933,""condition"
2024-02-24T02:45:00Z;"41.39,""condition"
2024-02-24T02:45:00Z;"33.925,""condition"
2024-02-24T02:45:00Z;"38.273,""condition"
2024-02-24T02:45:00Z;"30.289,""condition"
2024-02-24T02:45:00Z;"0,""condition"
2024-02-24T02:45:00Z;"0,""condition"
2024-02-24T02:45:00Z;"0,""condition"
2024-02-24T02:45:00Z;"0,""condition"
2024-02-24T02:45:00Z;"0,""condition"
2024-02-24T02:45:00Z;"0,""condition"
2024-02-24T02:45:00Z;"0,""condition"
2024-02-24T02:45:00Z;"0,""condition"
2024-02-24T02:45:00Z;"0,""condition"
2024-02-24T02:45:00Z;"0,""condition"
2024-02-24T02:45:00Z;"0,""condition"
2024-02-24T02:45:00Z;"0,""condition"
2024-02-24T02:45:00Z;"0,""condition"
2024-02-24T02:45:00Z;"0,""condition"
2024-02-24T02:45:00Z;"0,""condition"
2024-02-24T02:45:00Z;"0,""condition"
2024-02-24T02:45:00Z;"0,""condition"
2024-02-24T02:45:00Z;"0,""condition"
2024-02-24T02:45:00Z;"0,""condition"
2024-02-24T02:45:00Z;"0,""condition"
2024-02-24T02:45:00Z;"0,""condition"
2024-02-24T02:45:00Z;"0,""condition"
2024-02-24T02:45:00Z;"0,""condition"
2024-02-24T02:45:00Z;"0,""condition"
2024-02-24T02:45:00Z;"0,""condition"
2024-02-24T02:45:00Z;"0,""condition"
2024-02-24T02:45:00Z;"0,""condition"
2024-02-24T02:45:00Z;"0,""condition"
2024-02-24T02:45:00Z;"0,""condition"
2024-02-24T02:45:00Z;"0,""condition"
2024-02-24T02:45:00Z;"0,""condition"
2024-02-24T02:45:00Z;"0,""condition"
2024-02-24T02:45:00Z;"0,""condition"
2024-02-24T02:45:00Z;"0,""condition"
2024-02-24T02:45:00Z;"0,""condition"
2024-02-24T02:45:00Z;"0,""condition"
2024-02-24T02:45:00Z;"0,""condition"
2024-02-24T02:45:00Z;"0,""condition"
2024-02-24T02:45:00Z;"0,""condition"
2024-02-24T02:45:00Z;"0,""condition"
2024-02-24T02:45:00Z;"0,""condition"
2024-02-24T02:45:00Z;"0,""condition"
2024-02-24T02:45:00Z;"5.51,""condition"
2024-02-24T02:45:00Z;"6.542,""condition"
2024-02-24T02:45:00Z;"4.518,""condition"
2024-02-24T02:45:00Z;"9.067,""condition"
2024-02-24T02:45:00Z;"10.907,""condition"
2024-02-24T02:45:00Z;"8.061,""condition"
2024-02-24T02:45:00Z;"13.625,""condition"
2024-02-24T02:45:00Z;"16.354,""condition"
2024-02-24T02:45:00Z;"11.453,""condition"
2024-02-24T02:45:00Z;"0,""condition"
2024-02-24T02:45:00Z;"0,""condition"
2024-02-24T02:45:00Z;"0,""condition"
2024-02-24T02:45:00Z;"0.864,""condition"
2024-02-24T02:45:00Z;"1.698,""condition"
2024-02-24T02:45:00Z;"0.532,""condition"
2024-02-24T02:45:00Z;"1.701,""condition"
2024-02-24T02:45:00Z;"2.575,""condition"
2024-02-24T02:45:00Z;"0.551,""condition"
2024-02-24T02:45:00Z;"0.303,""condition"
2024-02-24T02:45:00Z;"1.075,""condition"
2024-02-24T02:45:00Z;"0.134,""condition"
2024-02-24T02:45:00Z;"0.519,""condition"
2024-02-24T02:45:00Z;"1.174,""condition"
2024-02-24T02:45:00Z;"0.061,""condition"
2024-02-24T02:45:00Z;"34.997,""condition"
2024-02-24T02:45:00Z;"41.282,""condition"
2024-02-24T02:45:00Z;"32.348,""condition"
2024-02-24T02:45:00Z;"13.059,""condition"
2024-02-24T02:45:00Z;"14.4,""condition"
2024-02-24T02:45:00Z;"11.658,""condition"
2024-02-24T02:45:00Z;"63.776,""condition"
2024-02-24T02:45:00Z;"84.445,""condition"
2024-02-24T02:45:00Z;"56.495,""condition"
2024-02-24T02:45:00Z;"32.03,""condition"
2024-02-24T02:45:00Z;"33.945,""condition"
2024-02-24T02:45:00Z;"30.052,""condition"
2024-02-24T02:45:00Z;"0.82,""condition"
2024-02-24T02:45:00Z;"1.26,""condition"
2024-02-24T02:45:00Z;"0.419,""condition"
2024-02-24T02:45:00Z;"0.871,""condition"
2024-02-24T02:45:00Z;"1.706,""condition"
2024-02-24T02:45:00Z;"0.555,""condition"
2024-02-24T02:45:00Z;"13.45,""condition"
2024-02-24T02:45:00Z;"17.235,""condition"
2024-02-24T02:45:00Z;"9.86,""condition"
2024-02-24T02:45:00Z;"15.342,""condition"
2024-02-24T02:45:00Z;"17.685,""condition"
2024-02-24T02:45:00Z;"13.497,""condition"
2024-02-24T02:45:00Z;"13.059,""condition"
2024-02-24T02:45:00Z;"14.4,""condition"
2024-02-24T02:45:00Z;"11.658,""condition"
2024-02-24T02:45:00Z;"34.997,""condition"
2024-02-24T02:45:00Z;"41.282,""condition"
2024-02-24T02:45:00Z;"32.355,""condition"
2024-02-24T02:45:00Z;"0.525,""condition"
2024-02-24T02:45:00Z;"1.203,""condition"
2024-02-24T02:45:00Z;"0.121,""condition"
2024-02-24T02:45:00Z;"0.368,""condition"
2024-02-24T02:45:00Z;"0.796,""condition"
2024-02-24T02:45:00Z;"0.096,""condition"
2024-02-24T02:45:00Z;"9.225,""condition"
2024-02-24T02:45:00Z;"10.725,""condition"
2024-02-24T02:45:00Z;"7.934,""condition"
2024-02-24T02:45:00Z;"1.19,""condition"
2024-02-24T02:45:00Z;"1.932,""condition"
2024-02-24T02:45:00Z;"0.997,""condition"
2024-02-24T02:45:00Z;"0,""condition"
2024-02-24T02:45:00Z;"0,""condition"
2024-02-24T02:45:00Z;"0,""condition"
2024-02-24T02:45:00Z;"0,""condition"
2024-02-24T02:45:00Z;"0,""condition"
2024-02-24T02:45:00Z;"0,""condition"
2024-02-24T02:45:00Z;"1.19,""condition"
2024-02-24T02:45:00Z;"1.933,""condition"
2024-02-24T02:45:00Z;"0.997,""condition"
2024-02-24T02:45:00Z;"9.225,""condition"
2024-02-24T02:45:00Z;"10.725,""condition"
2024-02-24T02:45:00Z;"7.934,""condition"
2024-02-24T02:45:00Z;"0,""condition"
2024-02-24T02:45:00Z;"0,""condition"
2024-02-24T02:45:00Z;"0,""condition"
2024-02-24T02:45:00Z;"0,""condition"
2024-02-24T02:45:00Z;"0,""condition"
2024-02-24T02:45:00Z;"0,""condition"
2024-02-24T02:45:00Z;"2.746,""condition"
2024-02-24T02:45:00Z;"4.196,""condition"
2024-02-24T02:45:00Z;"2.03,""condition"
2024-02-24T02:45:00Z;"15.788,""condition"
2024-02-24T02:45:00Z;"20.555,""condition"
2024-02-24T02:45:00Z;"12.212,""condition"
2024-02-24T02:45:00Z;"0.187,""condition"
2024-02-24T02:45:00Z;"0.556,""condition"
2024-02-24T02:45:00Z;"0.027,""condition"
2024-02-24T02:45:00Z;"0.044,""condition"
2024-02-24T02:45:00Z;"0.108,""condition"
2024-02-24T02:45:00Z;"0.016,""condition"
2024-02-24T02:45:00Z;"5.293,""condition"
2024-02-24T02:45:00Z;"7.057,""condition"
2024-02-24T02:45:00Z;"4.399,""condition"
2024-02-24T02:45:00Z;"5.768,""condition"
2024-02-24T02:45:00Z;"9.625,""condition"
2024-02-24T02:45:00Z;"3.792,""condition"
2024-02-24T02:45:00Z;"33.923,""condition"
2024-02-24T02:45:00Z;"38.26,""condition"
2024-02-24T02:45:00Z;"30.293,""condition"
2024-02-24T02:45:00Z;"47.502,""condition"
2024-02-24T02:45:00Z;"55.934,""condition"
2024-02-24T02:45:00Z;"41.321,""condition"
2024-02-24T02:45:00Z;"0,""condition"
2024-02-24T02:45:00Z;"0.001,""condition"
2024-02-24T02:45:00Z;"0,""condition"
2024-02-24T02:45:00Z;"0,""condition"
2024-02-24T02:45:00Z;"0.001,""condition"
2024-02-24T02:45:00Z;"0,""condition"
2024-02-24T02:45:00Z;"0.834,""condition"
2024-02-24T02:45:00Z;"1.276,""condition"
2024-02-24T02:45:00Z;"0.561,""condition"
2024-02-24T02:45:00Z;"0.816,""condition"
2024-02-24T02:45:00Z;"1.731,""condition"
2024-02-24T02:45:00Z;"0.568,""condition"
2024-02-24T02:45:00Z;"0,""condition"
2024-02-24T02:45:00Z;"0,""condition"
2024-02-24T02:45:00Z;"0,""condition"
2024-02-24T02:45:00Z;"0,""condition"
2024-02-24T02:45:00Z;"0.001,""condition"
2024-02-24T02:45:00Z;"0,""condition"
2024-02-24T02:45:00Z;"47.461,""condition"
2024-02-24T02:45:00Z;"55.59,""condition"
2024-02-24T02:45:00Z;"42.749,""condition"
2024-02-24T02:45:00Z;"35.001,""condition"
2024-02-24T02:45:00Z;"40.116,""condition"
2024-02-24T02:45:00Z;"30.936,""condition"
2024-02-24T02:45:00Z;"15.779,""condition"
2024-02-24T02:45:00Z;"20.72,""condition"
2024-02-24T02:45:00Z;"12.138,""condition"
2024-02-24T02:45:00Z;"2.746,""condition"
2024-02-24T02:45:00Z;"4.267,""condition"
2024-02-24T02:45:00Z;"1.965,""condition"
;
;
;
;
2024-02-24T02:45:00Z;"0.303,""condition"
2024-02-24T02:45:00Z;"1.143,""condition"
2024-02-24T02:45:00Z;"0.131,""condition"
2024-02-24T02:45:00Z;"0.518,""condition"
2024-02-24T02:45:00Z;"1.247,""condition"
2024-02-24T02:45:00Z;"0.061,""condition"
2024-02-24T02:45:00Z;"0.738,""condition"
2024-02-24T02:45:00Z;"1.188,""condition"
2024-02-24T02:45:00Z;"0.498,""condition"
2024-02-24T02:45:00Z;"0.487,""condition"
2024-02-24T02:45:00Z;"1.227,""condition"
2024-02-24T02:45:00Z;"0.195,""condition"
2024-02-24T02:45:00Z;"63.83,""condition"
2024-02-24T02:45:00Z;"84.526,""condition"
2024-02-24T02:45:00Z;"56.431,""condition"
2024-02-24T02:45:00Z;"32.025,""condition"
2024-02-24T02:45:00Z;"33.815,""condition"
2024-02-24T02:45:00Z;"30.131,""condition"
2024-02-24T02:45:00Z;"14.679,""condition"
2024-02-24T02:45:00Z;"16.971,""condition"
2024-02-24T02:45:00Z;"12.916,""condition"
2024-02-24T02:45:00Z;"0.368,""condition"
2024-02-24T02:45:00Z;"0.447,""condition"
2024-02-24T02:45:00Z;"0.33,""condition"
2024-02-24T02:45:00Z;"0.518,""condition"
2024-02-24T02:45:00Z;"1.247,""condition"
2024-02-24T02:45:00Z;"0.061,""condition"
2024-02-24T02:45:00Z;"0.303,""condition"
2024-02-24T02:45:00Z;"1.144,""condition"
2024-02-24T02:45:00Z;"0.131,""condition"
2024-02-24T02:45:00Z;"32.025,""condition"
2024-02-24T02:45:00Z;"33.815,""condition"
2024-02-24T02:45:00Z;"30.131,""condition"
2024-02-24T02:45:00Z;"63.83,""condition"
2024-02-24T02:45:00Z;"84.524,""condition"
2024-02-24T02:45:00Z;"56.431,""condition"
2024-02-24T02:45:00Z;"13.451,""condition"
2024-02-24T02:45:00Z;"17.625,""condition"
2024-02-24T02:45:00Z;"9.999,""condition"
2024-02-24T02:45:00Z;"15.343,""condition"
2024-02-24T02:45:00Z;"18.208,""condition"
2024-02-24T02:45:00Z;"13.416,""condition"
2024-02-24T02:45:00Z;"0.187,""condition"
2024-02-24T02:45:00Z;"0.538,""condition"
2024-02-24T02:45:00Z;"0.027,""condition"
2024-02-24T02:45:00Z;"0.044,""condition"
2024-02-24T02:45:00Z;"0.107,""condition"
2024-02-24T02:45:00Z;"0.017,""condition"
2024-02-24T02:45:00Z;"0.525,""condition"
2024-02-24T02:45:00Z;"1.159,""condition"
2024-02-24T02:45:00Z;"0.12,""condition"
2024-02-24T02:45:00Z;"0.368,""condition"
2024-02-24T02:45:00Z;"0.848,""condition"
2024-02-24T02:45:00Z;"0.096,""condition"
2024-02-24T02:45:00Z;"5.294,""condition"
2024-02-24T02:45:00Z;"7.141,""condition"
2024-02-24T02:45:00Z;"4.427,""condition"
2024-02-24T02:45:00Z;"5.769,""condition"
2024-02-24T02:45:00Z;"9.579,""condition"
2024-02-24T02:45:00Z;"3.785,""condition"
2024-02-24T02:45:00Z;"15.343,""condition"
2024-02-24T02:45:00Z;"18.212,""condition"
2024-02-24T02:45:00Z;"13.415,""condition"
2024-02-24T02:45:00Z;"13.451,""condition"
2024-02-24T02:45:00Z;"17.626,""condition"
2024-02-24T02:45:00Z;"9.997,""condition"
2024-02-24T02:45:00Z;"0,""condition"
2024-02-24T02:45:00Z;"0.001,""condition"
2024-02-24T02:45:00Z;"0,""condition"
2024-02-24T02:45:00Z;"0,""condition"
2024-02-24T02:45:00Z;"0.001,""condition"
2024-02-24T02:45:00Z;"0,""condition"
2024-02-24T02:45:00Z;"0.368,""condition"
2024-02-24T02:45:00Z;"0.848,""condition"
2024-02-24T02:45:00Z;"0.096,""condition"
2024-02-24T02:45:00Z;"0.525,""condition"
2024-02-24T02:45:00Z;"1.159,""condition"
2024-02-24T02:45:00Z;"0.121,""condition"
2024-02-24T02:45:00Z;"0,""condition"
2024-02-24T02:45:00Z;"0,""condition"
2024-02-24T02:45:00Z;"0,""condition"
2024-02-24T02:45:00Z;"0,""condition"
2024-02-24T02:45:00Z;"0.001,""condition"
2024-02-24T02:45:00Z;"0,""condition"
2024-02-24T02:45:00Z;"96.906,""condition"
2024-02-24T02:45:00Z;"96.907,""condition"
2024-02-24T02:45:00Z;"96.905,""condition"
2024-02-24T02:45:00Z;"96.906,""condition"
2024-02-24T02:45:00Z;"96.907,""condition"
2024-02-24T02:45:00Z;"96.905,""condition"
2024-02-24T02:45:00Z;"0.02,""condition"
2024-02-24T02:45:00Z;"0.04,""condition"
2024-02-24T02:45:00Z;"0.005,""condition"
2024-02-24T02:45:00Z;"0.014,""condition"
2024-02-24T02:45:00Z;"0.131,""condition"
2024-02-24T02:45:00Z;"0.004,""condition"
2024-02-24T02:45:01Z;"15.78,""condition"
2024-02-24T02:45:01Z;"20.637,""condition"
2024-02-24T02:45:01Z;"12.265,""condition"
2024-02-24T02:45:01Z;"2.746,""condition"
2024-02-24T02:45:01Z;"4.225,""condition"
2024-02-24T02:45:01Z;"2.021,""condition"
2024-02-24T02:45:00Z;"96.906,""condition"
2024-02-24T02:45:00Z;"96.907,""condition"
2024-02-24T02:45:00Z;"96.905,""condition"
2024-02-24T02:45:00Z;"96.906,""condition"
2024-02-24T02:45:00Z;"96.907,""condition"
2024-02-24T02:45:00Z;"96.905,""condition"
2024-02-24T02:45:00Z;"0.02,""condition"
2024-02-24T02:45:00Z;"0.04,""condition"
2024-02-24T02:45:00Z;"0.004,""condition"
2024-02-24T02:45:00Z;"0.014,""condition"
2024-02-24T02:45:00Z;"0.135,""condition"
2024-02-24T02:45:00Z;"0.003,""condition"
2024-02-24T02:45:00Z;"0,""condition"
2024-02-24T02:45:00Z;"0,""condition"
2024-02-24T02:45:00Z;"0,""condition"
2024-02-24T02:45:00Z;"39.711,""condition"
2024-02-24T02:45:00Z;"43.892,""condition"
2024-02-24T02:45:00Z;"35.863,""condition"
2024-02-24T02:45:00Z;"0.281,""condition"
2024-02-24T02:45:00Z;"0.795,""condition"
2024-02-24T02:45:00Z;"0.051,""condition"
2024-02-24T02:45:00Z;"0.099,""condition"
2024-02-24T02:45:00Z;"0.158,""condition"
2024-02-24T02:45:00Z;"0.075,""condition"
2024-02-24T02:45:00Z;"0.816,""condition"
2024-02-24T02:45:00Z;"1.674,""condition"
2024-02-24T02:45:00Z;"0.568,""condition"
2024-02-24T02:45:00Z;"0.834,""condition"
2024-02-24T02:45:00Z;"1.337,""condition"
2024-02-24T02:45:00Z;"0.545,""condition"
2024-02-24T02:45:00Z;"34.999,""condition"
2024-02-24T02:45:00Z;"39.981,""condition"
2024-02-24T02:45:00Z;"30.942,""condition"
2024-02-24T02:45:00Z;"47.453,""condition"
2024-02-24T02:45:00Z;"55.267,""condition"
2024-02-24T02:45:00Z;"42.576,""condition"
2024-02-24T02:45:00Z;"2.745,""condition"
2024-02-24T02:45:00Z;"4.218,""condition"
2024-02-24T02:45:00Z;"1.994,""condition"
2024-02-24T02:45:00Z;"15.776,""condition"
2024-02-24T02:45:00Z;"20.752,""condition"
2024-02-24T02:45:00Z;"12.158,""condition"
2024-02-24T03:00:00Z;"68.858,""condition"
2024-02-24T03:00:00Z;"90.236,""condition"
2024-02-24T03:00:00Z;"48.398,""condition"
2024-02-24T03:00:00Z;"47.378,""condition"
2024-02-24T03:00:00Z;"72.688,""condition"
2024-02-24T03:00:00Z;"28.556,""condition"
2024-02-24T03:00:00Z;"47.319,""condition"
2024-02-24T03:00:00Z;"70.388,""condition"
2024-02-24T03:00:00Z;"28.811,""condition"
2024-02-24T03:00:00Z;"68.86,""condition"
2024-02-24T03:00:00Z;"91.116,""condition"
2024-02-24T03:00:00Z;"48.412,""condition"
2024-02-24T03:00:00Z;"47.34,""condition"
2024-02-24T03:00:00Z;"67.871,""condition"
2024-02-24T03:00:00Z;"28.77,""condition"
2024-02-24T03:00:00Z;"68.837,""condition"
2024-02-24T03:00:00Z;"90.017,""condition"
2024-02-24T03:00:00Z;"48.139,""condition"
2024-02-24T03:00:00Z;"72.752,""condition"
2024-02-24T03:00:00Z;"95.38,""condition"
2024-02-24T03:00:00Z;"48.638,""condition"
2024-02-24T03:00:00Z;"47.22,""condition"
2024-02-24T03:00:00Z;"74.163,""condition"
2024-02-24T03:00:00Z;"28.141,""condition"
2024-02-24T03:00:00Z;"47.164,""condition"
2024-02-24T03:00:00Z;"71.748,""condition"
2024-02-24T03:00:00Z;"28.256,""condition"
2024-02-24T03:00:00Z;"72.732,""condition"
2024-02-24T03:00:00Z;"94.252,""condition"
2024-02-24T03:00:00Z;"48.995,""condition"
2024-02-24T03:00:00Z;"47.187,""condition"
2024-02-24T03:00:00Z;"69.285,""condition"
2024-02-24T03:00:00Z;"28.133,""condition"
2024-02-24T03:00:00Z;"72.717,""condition"
2024-02-24T03:00:00Z;"94.232,""condition"
2024-02-24T03:00:00Z;"48.723,""condition"
2024-02-24T03:00:00Z;"72.533,""condition"
2024-02-24T03:00:00Z;"94.714,""condition"
2024-02-24T03:00:00Z;"49.74,""condition"
2024-02-24T03:00:00Z;"47.339,""condition"
2024-02-24T03:00:00Z;"72.812,""condition"
2024-02-24T03:00:00Z;"29.685,""condition"
2024-02-24T03:00:00Z;"47.279,""condition"
2024-02-24T03:00:00Z;"69.741,""condition"
2024-02-24T03:00:00Z;"30.225,""condition"
2024-02-24T03:00:00Z;"72.515,""condition"
2024-02-24T03:00:00Z;"95.271,""condition"
2024-02-24T03:00:00Z;"49.489,""condition"
2024-02-24T03:00:00Z;"47.303,""condition"
2024-02-24T03:00:00Z;"66.474,""condition"
2024-02-24T03:00:00Z;"29.988,""condition"
2024-02-24T03:00:00Z;"72.501,""condition"
2024-02-24T03:00:00Z;"94.117,""condition"
2024-02-24T03:00:00Z;"48.938,""condition"
2024-02-24T03:00:00Z;"73.471,""condition"
2024-02-24T03:00:00Z;"95.691,""condition"
2024-02-24T03:00:00Z;"48.488,""condition"
2024-02-24T03:00:00Z;"47.647,""condition"
2024-02-24T03:00:00Z;"75.228,""condition"
2024-02-24T03:00:00Z;"30.476,""condition"
2024-02-24T03:00:00Z;"47.601,""condition"
2024-02-24T03:00:00Z;"73.424,""condition"
2024-02-24T03:00:00Z;"30.64,""condition"
2024-02-24T03:00:00Z;"73.452,""condition"
2024-02-24T03:00:00Z;"96.607,""condition"
2024-02-24T03:00:00Z;"48.477,""condition"
2024-02-24T03:00:00Z;"47.62,""condition"
2024-02-24T03:00:00Z;"70.38,""condition"
2024-02-24T03:00:00Z;"30.729,""condition"
2024-02-24T03:00:00Z;"73.44,""condition"
2024-02-24T03:00:00Z;"95.542,""condition"
2024-02-24T03:00:00Z;"48.713,""condition"
2024-02-24T03:00:00Z;"72.966,""condition"
2024-02-24T03:00:00Z;"95.74,""condition"
2024-02-24T03:00:00Z;"48.84,""condition"
2024-02-24T03:00:00Z;"47.118,""condition"
2024-02-24T03:00:00Z;"70.25,""condition"
2024-02-24T03:00:00Z;"28.585,""condition"
2024-02-24T03:00:00Z;"47.075,""condition"
2024-02-24T03:00:00Z;"68.214,""condition"
2024-02-24T03:00:00Z;"29.095,""condition"
2024-02-24T03:00:00Z;"72.945,""condition"
2024-02-24T03:00:00Z;"95.844,""condition"
2024-02-24T03:00:00Z;"49.233,""condition"
2024-02-24T03:00:00Z;"47.095,""condition"
2024-02-24T03:00:00Z;"66.97,""condition"
2024-02-24T03:00:00Z;"29.229,""condition"
2024-02-24T03:00:00Z;"72.933,""condition"
2024-02-24T03:00:00Z;"96.901,""condition"
2024-02-24T03:00:00Z;"49.077,""condition"
2024-02-24T03:00:00Z;"72.846,""condition"
2024-02-24T03:00:00Z;"94.607,""condition"
2024-02-24T03:00:00Z;"49.124,""condition"
2024-02-24T03:00:00Z;"46.91,""condition"
2024-02-24T03:00:00Z;"70.624,""condition"
2024-02-24T03:00:00Z;"27.396,""condition"
2024-02-24T03:00:00Z;"46.862,""condition"
2024-02-24T03:00:00Z;"69.009,""condition"
2024-02-24T03:00:00Z;"28.366,""condition"
2024-02-24T03:00:00Z;"72.832,""condition"
2024-02-24T03:00:00Z;"95.904,""condition"
2024-02-24T03:00:00Z;"49.503,""condition"
2024-02-24T03:00:00Z;"46.883,""condition"
2024-02-24T03:00:00Z;"67.114,""condition"
2024-02-24T03:00:00Z;"28.34,""condition"
2024-02-24T03:00:00Z;"72.81,""condition"
2024-02-24T03:00:00Z;"95.127,""condition"
2024-02-24T03:00:00Z;"48.85,""condition"
2024-02-24T03:00:00Z;"72.07,""condition"
2024-02-24T03:00:00Z;"93.269,""condition"
2024-02-24T03:00:00Z;"47.11,""condition"
2024-02-24T03:00:00Z;"47.353,""condition"
2024-02-24T03:00:00Z;"75.328,""condition"
2024-02-24T03:00:00Z;"28.793,""condition"
2024-02-24T03:00:00Z;"47.294,""condition"
2024-02-24T03:00:00Z;"74.007,""condition"
2024-02-24T03:00:00Z;"28.708,""condition"
2024-02-24T03:00:00Z;"72.052,""condition"
2024-02-24T03:00:00Z;"94.98,""condition"
2024-02-24T03:00:00Z;"47.479,""condition"
2024-02-24T03:00:00Z;"47.317,""condition"
2024-02-24T03:00:00Z;"70.665,""condition"
2024-02-24T03:00:00Z;"28.678,""condition"
2024-02-24T03:00:00Z;"72.039,""condition"
2024-02-24T03:00:00Z;"94.423,""condition"
2024-02-24T03:00:00Z;"47.19,""condition"
2024-02-24T03:00:00Z;"72.628,""condition"
2024-02-24T03:00:00Z;"94.498,""condition"
2024-02-24T03:00:00Z;"48.439,""condition"
2024-02-24T03:00:00Z;"48.189,""condition"
2024-02-24T03:00:00Z;"74.398,""condition"
2024-02-24T03:00:00Z;"29.068,""condition"
2024-02-24T03:00:00Z;"48.134,""condition"
2024-02-24T03:00:00Z;"71.992,""condition"
2024-02-24T03:00:00Z;"28.685,""condition"
2024-02-24T03:00:00Z;"72.607,""condition"
2024-02-24T03:00:00Z;"95.224,""condition"
2024-02-24T03:00:00Z;"48.031,""condition"
2024-02-24T03:00:00Z;"48.16,""condition"
2024-02-24T03:00:00Z;"69.795,""condition"
2024-02-24T03:00:00Z;"28.878,""condition"
2024-02-24T03:00:00Z;"72.595,""condition"
2024-02-24T03:00:00Z;"94.733,""condition"
2024-02-24T03:00:00Z;"47.793,""condition"
2024-02-24T03:00:00Z;"69.348,""condition"
2024-02-24T03:00:00Z;"90.492,""condition"
2024-02-24T03:00:00Z;"48.234,""condition"
2024-02-24T03:00:00Z;"46.597,""condition"
2024-02-24T03:00:00Z;"72.736,""condition"
2024-02-24T03:00:00Z;"29.212,""condition"
2024-02-24T03:00:00Z;"46.543,""condition"
2024-02-24T03:00:00Z;"71.593,""condition"
2024-02-24T03:00:00Z;"29.281,""condition"
2024-02-24T03:00:00Z;"69.35,""condition"
2024-02-24T03:00:00Z;"91.049,""condition"
2024-02-24T03:00:00Z;"48.447,""condition"
2024-02-24T03:00:00Z;"46.565,""condition"
2024-02-24T03:00:00Z;"68.694,""condition"
2024-02-24T03:00:00Z;"29.009,""condition"
2024-02-24T03:00:00Z;"69.328,""condition"
2024-02-24T03:00:00Z;"91.045,""condition"
2024-02-24T03:00:00Z;"48.856,""condition"
2024-02-24T03:00:00Z;"72.744,""condition"
2024-02-24T03:00:00Z;"94.748,""condition"
2024-02-24T03:00:00Z;"48.012,""condition"
2024-02-24T03:00:00Z;"47.455,""condition"
2024-02-24T03:00:00Z;"74.604,""condition"
2024-02-24T03:00:00Z;"29.217,""condition"
2024-02-24T03:00:00Z;"0,""2024-02-24T03:15:00Z"
2024-02-24T03:00:00Z;"0,""2024-02-24T03:15:00Z"
2024-02-24T03:00:00Z;"0,""2024-02-24T03:15:00Z"
2024-02-24T03:00:00Z;"0,""2024-02-24T03:15:00Z"
2024-02-24T03:00:00Z;"0,""2024-02-24T03:15:00Z"
2024-02-24T03:00:00Z;"0,""2024-02-24T03:15:00Z"
2024-02-24T03:00:00Z;"0,""2024-02-24T03:15:00Z"
2024-02-24T03:00:00Z;"0,""2024-02-24T03:15:00Z"
2024-02-24T03:00:00Z;"0,""2024-02-24T03:15:00Z"
2024-02-24T03:00:00Z;"0,""2024-02-24T03:15:00Z"
2024-02-24T03:00:00Z;"0,""2024-02-24T03:15:00Z"
2024-02-24T03:00:00Z;"0,""2024-02-24T03:15:00Z"
2024-02-24T03:00:00Z;"1.688,""2024-02-24T03:15:00Z"
2024-02-24T03:00:00Z;"2.523,""2024-02-24T03:15:00Z"
2024-02-24T03:00:00Z;"0.737,""2024-02-24T03:15:00Z"
2024-02-24T03:00:00Z;"1.055,""2024-02-24T03:15:00Z"
2024-02-24T03:00:00Z;"1.676,""2024-02-24T03:15:00Z"
2024-02-24T03:00:00Z;"0.524,""2024-02-24T03:15:00Z"
2024-02-24T03:00:00Z;"0,""2024-02-24T03:15:00Z"
2024-02-24T03:00:00Z;"0,""2024-02-24T03:15:00Z"
2024-02-24T03:00:00Z;"0,""2024-02-24T03:15:00Z"
2024-02-24T03:00:00Z;"0,""2024-02-24T03:15:00Z"
2024-02-24T03:00:00Z;"0,""2024-02-24T03:15:00Z"
2024-02-24T03:00:00Z;"0,""2024-02-24T03:15:00Z"
2024-02-24T03:00:00Z;"7.68,""2024-02-24T03:15:00Z"
2024-02-24T03:00:00Z;"10.475,""2024-02-24T03:15:00Z"
2024-02-24T03:00:00Z;"6.247,""2024-02-24T03:15:00Z"
2024-02-24T03:00:00Z;"10.816,""2024-02-24T03:15:00Z"
2024-02-24T03:00:00Z;"15.368,""2024-02-24T03:15:00Z"
2024-02-24T03:00:00Z;"8.958,""2024-02-24T03:15:00Z"
2024-02-24T03:00:00Z;"7.68,""2024-02-24T03:15:00Z"
2024-02-24T03:00:00Z;"10.475,""2024-02-24T03:15:00Z"
2024-02-24T03:00:00Z;"6.247,""2024-02-24T03:15:00Z"
2024-02-24T03:00:00Z;"10.816,""2024-02-24T03:15:00Z"
2024-02-24T03:00:00Z;"15.368,""2024-02-24T03:15:00Z"
2024-02-24T03:00:00Z;"8.958,""2024-02-24T03:15:00Z"
2024-02-24T03:00:00Z;"10.817,""2024-02-24T03:15:00Z"
2024-02-24T03:00:00Z;"15.695,""2024-02-24T03:15:00Z"
2024-02-24T03:00:00Z;"8.932,""2024-02-24T03:15:00Z"
2024-02-24T03:00:00Z;"7.679,""2024-02-24T03:15:00Z"
2024-02-24T03:00:00Z;"10.508,""2024-02-24T03:15:00Z"
2024-02-24T03:00:00Z;"6.352,""2024-02-24T03:15:00Z"
2024-02-24T03:00:00Z;"20.821,""2024-02-24T03:15:00Z"
2024-02-24T03:00:00Z;"23.612,""2024-02-24T03:15:00Z"
2024-02-24T03:00:00Z;"18.189,""2024-02-24T03:15:00Z"
2024-02-24T03:00:00Z;"7.156,""2024-02-24T03:15:00Z"
2024-02-24T03:00:00Z;"8.471,""2024-02-24T03:15:00Z"
2024-02-24T03:00:00Z;"6.195,""2024-02-24T03:15:00Z"
2024-02-24T03:00:00Z;"4.978,""2024-02-24T03:15:00Z"
2024-02-24T03:00:00Z;"5.566,""2024-02-24T03:15:00Z"
2024-02-24T03:00:00Z;"4.608,""2024-02-24T03:15:00Z"
2024-02-24T03:00:00Z;"7.242,""2024-02-24T03:15:00Z"
2024-02-24T03:00:00Z;"9.653,""2024-02-24T03:15:00Z"
2024-02-24T03:00:00Z;"6.23,""2024-02-24T03:15:00Z"
2024-02-24T03:00:00Z;"0,""2024-02-24T03:15:00Z"
2024-02-24T03:00:00Z;"0,""2024-02-24T03:15:00Z"
2024-02-24T03:00:00Z;"0,""2024-02-24T03:15:00Z"
2024-02-24T03:00:00Z;"0,""2024-02-24T03:15:00Z"
2024-02-24T03:00:00Z;"0,""2024-02-24T03:15:00Z"
2024-02-24T03:00:00Z;"0,""2024-02-24T03:15:00Z"
2024-02-24T03:00:00Z;"1.221,""2024-02-24T03:15:00Z"
2024-02-24T03:00:00Z;"1.893,""2024-02-24T03:15:00Z"
2024-02-24T03:00:00Z;"1.038,""2024-02-24T03:15:00Z"
2024-02-24T03:00:00Z;"9.191,""2024-02-24T03:15:00Z"
2024-02-24T03:00:00Z;"10.719,""2024-02-24T03:15:00Z"
2024-02-24T03:00:00Z;"8.138,""2024-02-24T03:15:00Z"
2024-02-24T03:00:00Z;"7.242,""2024-02-24T03:15:00Z"
2024-02-24T03:00:00Z;"9.639,""2024-02-24T03:15:00Z"
2024-02-24T03:00:00Z;"6.22,""2024-02-24T03:15:00Z"
2024-02-24T03:00:00Z;"4.978,""2024-02-24T03:15:00Z"
2024-02-24T03:00:00Z;"5.574,""2024-02-24T03:15:00Z"
2024-02-24T03:00:00Z;"4.612,""2024-02-24T03:15:00Z"
2024-02-24T03:00:00Z;"0.001,""2024-02-24T03:15:00Z"
2024-02-24T03:00:00Z;"0.003,""2024-02-24T03:15:00Z"
2024-02-24T03:00:00Z;"0,""2024-02-24T03:15:00Z"
2024-02-24T03:00:00Z;"0,""2024-02-24T03:15:00Z"
2024-02-24T03:00:00Z;"0.001,""2024-02-24T03:15:00Z"
2024-02-24T03:00:00Z;"0,""2024-02-24T03:15:00Z"
2024-02-24T03:00:00Z;"7.156,""2024-02-24T03:15:00Z"
2024-02-24T03:00:00Z;"8.467,""2024-02-24T03:15:00Z"
2024-02-24T03:00:00Z;"6.195,""2024-02-24T03:15:00Z"
2024-02-24T03:00:00Z;"20.821,""2024-02-24T03:15:00Z"
2024-02-24T03:00:00Z;"23.43,""2024-02-24T03:15:00Z"
2024-02-24T03:00:00Z;"18.268,""2024-02-24T03:15:00Z"
2024-02-24T03:00:00Z;"0,""2024-02-24T03:15:00Z"
2024-02-24T03:00:00Z;"0,""2024-02-24T03:15:00Z"
2024-02-24T03:00:00Z;"0,""2024-02-24T03:15:00Z"
2024-02-24T03:00:00Z;"0,""2024-02-24T03:15:00Z"
2024-02-24T03:00:00Z;"0,""2024-02-24T03:15:00Z"
2024-02-24T03:00:00Z;"0,""2024-02-24T03:15:00Z"
2024-02-24T03:00:00Z;"0,""2024-02-24T03:15:00Z"
2024-02-24T03:00:00Z;"0.001,""2024-02-24T03:15:00Z"
2024-02-24T03:00:00Z;"0,""2024-02-24T03:15:00Z"
2024-02-24T03:00:00Z;"0.001,""2024-02-24T03:15:00Z"
2024-02-24T03:00:00Z;"0.004,""2024-02-24T03:15:00Z"
2024-02-24T03:00:00Z;"0,""2024-02-24T03:15:00Z"
2024-02-24T03:00:00Z;"0,""2024-02-24T03:15:00Z"
2024-02-24T03:00:00Z;"0,""2024-02-24T03:15:00Z"
2024-02-24T03:00:00Z;"0,""2024-02-24T03:15:00Z"
2024-02-24T03:00:00Z;"0,""2024-02-24T03:15:00Z"
2024-02-24T03:00:00Z;"0,""2024-02-24T03:15:00Z"
2024-02-24T03:00:00Z;"0,""2024-02-24T03:15:00Z"
2024-02-24T03:00:00Z;"7.223,""2024-02-24T03:15:00Z"
2024-02-24T03:00:00Z;"9.783,""2024-02-24T03:15:00Z"
2024-02-24T03:00:00Z;"6.341,""2024-02-24T03:15:00Z"
2024-02-24T03:00:00Z;"4.974,""2024-02-24T03:15:00Z"
2024-02-24T03:00:00Z;"5.56,""2024-02-24T03:15:00Z"
2024-02-24T03:00:00Z;"4.615,""2024-02-24T03:15:00Z"
2024-02-24T03:00:00Z;"0.03,""2024-02-24T03:15:00Z"
2024-02-24T03:00:00Z;"0.158,""2024-02-24T03:15:00Z"
2024-02-24T03:00:00Z;"0.012,""2024-02-24T03:15:00Z"
2024-02-24T03:00:00Z;"0.28,""2024-02-24T03:15:00Z"
2024-02-24T03:00:00Z;"0.833,""2024-02-24T03:15:00Z"
2024-02-24T03:00:00Z;"0.029,""2024-02-24T03:15:00Z"
2024-02-24T03:00:00Z;"0,""2024-02-24T03:15:00Z"
2024-02-24T03:00:00Z;"0,""2024-02-24T03:15:00Z"
2024-02-24T03:00:00Z;"0,""2024-02-24T03:15:00Z"
2024-02-24T03:00:00Z;"0,""2024-02-24T03:15:00Z"
2024-02-24T03:00:00Z;"0,""2024-02-24T03:15:00Z"
2024-02-24T03:00:00Z;"0,""2024-02-24T03:15:00Z"
2024-02-24T03:00:00Z;"0,""2024-02-24T03:15:00Z"
2024-02-24T03:00:00Z;"0,""2024-02-24T03:15:00Z"
2024-02-24T03:00:00Z;"0,""2024-02-24T03:15:00Z"
2024-02-24T03:00:00Z;"33.514,""2024-02-24T03:15:00Z"
2024-02-24T03:00:00Z;"38.763,""2024-02-24T03:15:00Z"
2024-02-24T03:00:00Z;"30.963,""2024-02-24T03:15:00Z"
2024-02-24T03:00:00Z;"0,""2024-02-24T03:15:00Z"
2024-02-24T03:00:00Z;"0.001,""2024-02-24T03:15:00Z"
2024-02-24T03:00:00Z;"0,""2024-02-24T03:15:00Z"
2024-02-24T03:00:00Z;"0.001,""2024-02-24T03:15:00Z"
2024-02-24T03:00:00Z;"0.004,""2024-02-24T03:15:00Z"
2024-02-24T03:00:00Z;"0,""2024-02-24T03:15:00Z"
2024-02-24T03:00:00Z;"5.271,""2024-02-24T03:15:00Z"
2024-02-24T03:00:00Z;"8.986,""2024-02-24T03:15:00Z"
2024-02-24T03:00:00Z;"3.592,""2024-02-24T03:15:00Z"
2024-02-24T03:00:00Z;"4.982,""2024-02-24T03:15:00Z"
2024-02-24T03:00:00Z;"6.88,""2024-02-24T03:15:00Z"
2024-02-24T03:00:00Z;"4.265,""2024-02-24T03:15:00Z"
2024-02-24T03:00:00Z;"33.521,""2024-02-24T03:15:00Z"
2024-02-24T03:00:00Z;"38.815,""2024-02-24T03:15:00Z"
2024-02-24T03:00:00Z;"31.004,""2024-02-24T03:15:00Z"
2024-02-24T03:00:00Z;"0,""2024-02-24T03:15:00Z"
2024-02-24T03:00:00Z;"0,""2024-02-24T03:15:00Z"
2024-02-24T03:00:00Z;"0,""2024-02-24T03:15:00Z"
2024-02-24T03:00:00Z;"4.974,""2024-02-24T03:15:00Z"
2024-02-24T03:00:00Z;"5.56,""2024-02-24T03:15:00Z"
2024-02-24T03:00:00Z;"4.615,""2024-02-24T03:15:00Z"
2024-02-24T03:00:00Z;"7.223,""2024-02-24T03:15:00Z"
2024-02-24T03:00:00Z;"9.783,""2024-02-24T03:15:00Z"
2024-02-24T03:00:00Z;"6.341,""2024-02-24T03:15:00Z"
2024-02-24T03:00:00Z;"0,""2024-02-24T03:15:00Z"
2024-02-24T03:00:00Z;"0.001,""2024-02-24T03:15:00Z"
2024-02-24T03:00:00Z;"0,""2024-02-24T03:15:00Z"
2024-02-24T03:00:00Z;"0,""2024-02-24T03:15:00Z"
2024-02-24T03:00:00Z;"0.001,""2024-02-24T03:15:00Z"
2024-02-24T03:00:00Z;"0,""2024-02-24T03:15:00Z"
2024-02-24T03:00:00Z;"0.001,""2024-02-24T03:15:00Z"
2024-02-24T03:00:00Z;"0.004,""2024-02-24T03:15:00Z"
2024-02-24T03:00:00Z;"0,""2024-02-24T03:15:00Z"
2024-02-24T03:00:00Z;"0,""2024-02-24T03:15:00Z"
2024-02-24T03:00:00Z;"0.001,""2024-02-24T03:15:00Z"
2024-02-24T03:00:00Z;"0,""2024-02-24T03:15:00Z"
2024-02-24T03:00:00Z;"0,""2024-02-24T03:15:00Z"
2024-02-24T03:00:00Z;"0.001,""2024-02-24T03:15:00Z"
2024-02-24T03:00:00Z;"0,""2024-02-24T03:15:00Z"
2024-02-24T03:00:00Z;"0,""2024-02-24T03:15:00Z"
2024-02-24T03:00:00Z;"0.001,""2024-02-24T03:15:00Z"
2024-02-24T03:00:00Z;"0,""2024-02-24T03:15:00Z"
2024-02-24T03:00:00Z;"0.541,""2024-02-24T03:15:00Z"
2024-02-24T03:00:00Z;"1.005,""2024-02-24T03:15:00Z"
2024-02-24T03:00:00Z;"0.354,""2024-02-24T03:15:00Z"
2024-02-24T03:00:00Z;"0.224,""2024-02-24T03:15:00Z"
2024-02-24T03:00:00Z;"5.598,""2024-02-24T03:15:00Z"
2024-02-24T03:00:00Z;"0.121,""2024-02-24T03:15:00Z"
2024-02-24T03:00:00Z;"0,""2024-02-24T03:15:00Z"
2024-02-24T03:00:00Z;"0,""2024-02-24T03:15:00Z"
2024-02-24T03:00:00Z;"0,""2024-02-24T03:15:00Z"
2024-02-24T03:00:00Z;"0,""2024-02-24T03:15:00Z"
2024-02-24T03:00:00Z;"0,""2024-02-24T03:15:00Z"
2024-02-24T03:00:00Z;"0,""2024-02-24T03:15:00Z"
2024-02-24T03:00:00Z;"0,""2024-02-24T03:15:00Z"
2024-02-24T03:00:00Z;"0,""2024-02-24T03:15:00Z"
2024-02-24T03:00:00Z;"0,""2024-02-24T03:15:00Z"
2024-02-24T03:00:00Z;"0,""2024-02-24T03:15:00Z"
2024-02-24T03:00:00Z;"0,""2024-02-24T03:15:00Z"
2024-02-24T03:00:00Z;"0,""2024-02-24T03:15:00Z"
2024-02-24T03:00:00Z;"33.516,""2024-02-24T03:15:00Z"
2024-02-24T03:00:00Z;"38.662,""2024-02-24T03:15:00Z"
2024-02-24T03:00:00Z;"31.368,""2024-02-24T03:15:00Z"
2024-02-24T03:00:00Z;"0,""2024-02-24T03:15:00Z"
2024-02-24T03:00:00Z;"0,""2024-02-24T03:15:00Z"
2024-02-24T03:00:00Z;"0,""2024-02-24T03:15:00Z"
2024-02-24T03:00:00Z;"15.479,""2024-02-24T03:15:00Z"
2024-02-24T03:00:00Z;"17.93,""2024-02-24T03:15:00Z"
2024-02-24T03:00:00Z;"12.992,""2024-02-24T03:15:00Z"
2024-02-24T03:00:00Z;"13.262,""2024-02-24T03:15:00Z"
2024-02-24T03:00:00Z;"17.716,""2024-02-24T03:15:00Z"
2024-02-24T03:00:00Z;"9.923,""2024-02-24T03:15:00Z"
2024-02-24T03:00:00Z;"0,""2024-02-24T03:15:00Z"
2024-02-24T03:00:00Z;"0,""2024-02-24T03:15:00Z"
2024-02-24T03:00:00Z;"0,""2024-02-24T03:15:00Z"
2024-02-24T03:00:00Z;"0,""2024-02-24T03:15:00Z"
2024-02-24T03:00:00Z;"0,""2024-02-24T03:15:00Z"
2024-02-24T03:00:00Z;"0,""2024-02-24T03:15:00Z"
2024-02-24T03:00:00Z;"0,""2024-02-24T03:15:00Z"
2024-02-24T03:00:00Z;"0,""2024-02-24T03:15:00Z"
2024-02-24T03:00:00Z;"0,""2024-02-24T03:15:00Z"
2024-02-24T03:00:00Z;"0,""2024-02-24T03:15:00Z"
2024-02-24T03:00:00Z;"0,""2024-02-24T03:15:00Z"
2024-02-24T03:00:00Z;"0,""2024-02-24T03:15:00Z"
2024-02-24T03:00:00Z;"0.32,""2024-02-24T03:15:00Z"
2024-02-24T03:00:00Z;"0.53,""2024-02-24T03:15:00Z"
2024-02-24T03:00:00Z;"0.147,""2024-02-24T03:15:00Z"
2024-02-24T03:00:00Z;"0.498,""2024-02-24T03:15:00Z"
2024-02-24T03:00:00Z;"1.055,""2024-02-24T03:15:00Z"
2024-02-24T03:00:00Z;"0.111,""2024-02-24T03:15:00Z"
2024-02-24T03:00:00Z;"0,""2024-02-24T03:15:00Z"
2024-02-24T03:00:00Z;"0,""2024-02-24T03:15:00Z"
2024-02-24T03:00:00Z;"0,""2024-02-24T03:15:00Z"
2024-02-24T03:00:00Z;"33.516,""2024-02-24T03:15:00Z"
2024-02-24T03:00:00Z;"38.624,""2024-02-24T03:15:00Z"
2024-02-24T03:00:00Z;"31.368,""2024-02-24T03:15:00Z"
2024-02-24T03:00:00Z;"0.4,""2024-02-24T03:15:00Z"
2024-02-24T03:00:00Z;"0.727,""2024-02-24T03:15:00Z"
2024-02-24T03:00:00Z;"0.161,""2024-02-24T03:15:00Z"
2024-02-24T03:00:00Z;"0.701,""2024-02-24T03:15:00Z"
2024-02-24T03:00:00Z;"1.09,""2024-02-24T03:15:00Z"
2024-02-24T03:00:00Z;"0.45,""2024-02-24T03:15:00Z"
2024-02-24T03:00:00Z;"0.377,""2024-02-24T03:15:00Z"
2024-02-24T03:00:00Z;"0.445,""2024-02-24T03:15:00Z"
2024-02-24T03:00:00Z;"0.338,""2024-02-24T03:15:00Z"
2024-02-24T03:00:00Z;"15.657,""2024-02-24T03:15:00Z"
2024-02-24T03:00:00Z;"18.386,""2024-02-24T03:15:00Z"
2024-02-24T03:00:00Z;"13.013,""2024-02-24T03:15:00Z"
2024-02-24T03:00:00Z;"0.03,""2024-02-24T03:15:00Z"
2024-02-24T03:00:00Z;"0.152,""2024-02-24T03:15:00Z"
2024-02-24T03:00:00Z;"0.012,""2024-02-24T03:15:00Z"
2024-02-24T03:00:00Z;"0.28,""2024-02-24T03:15:00Z"
2024-02-24T03:00:00Z;"0.836,""2024-02-24T03:15:00Z"
2024-02-24T03:00:00Z;"0.031,""2024-02-24T03:15:00Z"
2024-02-24T03:00:00Z;"5.274,""2024-02-24T03:15:00Z"
2024-02-24T03:00:00Z;"8.687,""2024-02-24T03:15:00Z"
2024-02-24T03:00:00Z;"3.675,""2024-02-24T03:15:00Z"
2024-02-24T03:00:00Z;"4.982,""2024-02-24T03:15:00Z"
2024-02-24T03:00:00Z;"6.852,""2024-02-24T03:15:00Z"
2024-02-24T03:00:00Z;"4.263,""2024-02-24T03:15:00Z"
2024-02-24T03:00:00Z;"0,""2024-02-24T03:15:00Z"
2024-02-24T03:00:00Z;"0.001,""2024-02-24T03:15:00Z"
2024-02-24T03:00:00Z;"0,""2024-02-24T03:15:00Z"
2024-02-24T03:00:00Z;"0,""2024-02-24T03:15:00Z"
2024-02-24T03:00:00Z;"0.001,""2024-02-24T03:15:00Z"
2024-02-24T03:00:00Z;"0,""2024-02-24T03:15:00Z"
2024-02-24T03:00:00Z;"0,""2024-02-24T03:15:00Z"
2024-02-24T03:00:00Z;"0.001,""2024-02-24T03:15:00Z"
2024-02-24T03:00:00Z;"0,""2024-02-24T03:15:00Z"
2024-02-24T03:00:00Z;"0,""2024-02-24T03:15:00Z"
2024-02-24T03:00:00Z;"0.001,""2024-02-24T03:15:00Z"
2024-02-24T03:00:00Z;"0,""2024-02-24T03:15:00Z"
2024-02-24T03:00:00Z;"96.906,""2024-02-24T03:15:00Z"
2024-02-24T03:00:00Z;"96.906,""2024-02-24T03:15:00Z"
2024-02-24T03:00:00Z;"96.905,""2024-02-24T03:15:00Z"
2024-02-24T03:00:00Z;"96.906,""2024-02-24T03:15:00Z"
2024-02-24T03:00:00Z;"96.906,""2024-02-24T03:15:00Z"
2024-02-24T03:00:00Z;"96.905,""2024-02-24T03:15:00Z"
2024-02-24T03:00:00Z;"0.011,""2024-02-24T03:15:00Z"
2024-02-24T03:00:00Z;"0.117,""2024-02-24T03:15:00Z"
2024-02-24T03:00:00Z;"0.004,""2024-02-24T03:15:00Z"
2024-02-24T03:00:00Z;"0.02,""2024-02-24T03:15:00Z"
2024-02-24T03:00:00Z;"0.047,""2024-02-24T03:15:00Z"
2024-02-24T03:00:00Z;"0.013,""2024-02-24T03:15:00Z"
2024-02-24T03:00:00Z;"0,""2024-02-24T03:15:00Z"
2024-02-24T03:00:00Z;"0,""2024-02-24T03:15:00Z"
2024-02-24T03:00:00Z;"0,""2024-02-24T03:15:00Z"
2024-02-24T03:00:00Z;"0,""2024-02-24T03:15:00Z"
2024-02-24T03:00:00Z;"0,""2024-02-24T03:15:00Z"
2024-02-24T03:00:00Z;"0,""2024-02-24T03:15:00Z"
2024-02-24T03:00:00Z;"6.275,""2024-02-24T03:15:00Z"
2024-02-24T03:00:00Z;"7.362,""2024-02-24T03:15:00Z"
2024-02-24T03:00:00Z;"5.255,""2024-02-24T03:15:00Z"
2024-02-24T03:00:00Z;"28.979,""2024-02-24T03:15:00Z"
2024-02-24T03:00:00Z;"33.744,""2024-02-24T03:15:00Z"
2024-02-24T03:00:00Z;"26.263,""2024-02-24T03:15:00Z"
2024-02-24T03:00:00Z;"0,""2024-02-24T03:15:00Z"
2024-02-24T03:00:00Z;"0,""2024-02-24T03:15:00Z"
2024-02-24T03:00:00Z;"0,""2024-02-24T03:15:00Z"
2024-02-24T03:00:00Z;"0,""2024-02-24T03:15:00Z"
2024-02-24T03:00:00Z;"0,""2024-02-24T03:15:00Z"
2024-02-24T03:00:00Z;"0,""2024-02-24T03:15:00Z"
2024-02-24T03:00:00Z;"0,""2024-02-24T03:15:00Z"
2024-02-24T03:00:00Z;"0,""2024-02-24T03:15:00Z"
2024-02-24T03:00:00Z;"0,""2024-02-24T03:15:00Z"
2024-02-24T03:00:00Z;"0,""2024-02-24T03:15:00Z"
2024-02-24T03:00:00Z;"0,""2024-02-24T03:15:00Z"
2024-02-24T03:00:00Z;"0,""2024-02-24T03:15:00Z"
2024-02-24T03:00:00Z;"0,""2024-02-24T03:15:00Z"
2024-02-24T03:00:00Z;"0,""2024-02-24T03:15:00Z"
2024-02-24T03:00:00Z;"0,""2024-02-24T03:15:00Z"
2024-02-24T03:00:00Z;"0,""2024-02-24T03:15:00Z"
2024-02-24T03:00:00Z;"0,""2024-02-24T03:15:00Z"
2024-02-24T03:00:00Z;"0,""2024-02-24T03:15:00Z"
2024-02-24T03:00:00Z;"1.688,""2024-02-24T03:15:00Z"
2024-02-24T03:00:00Z;"2.523,""2024-02-24T03:15:00Z"
2024-02-24T03:00:00Z;"0.737,""2024-02-24T03:15:00Z"
2024-02-24T03:00:00Z;"1.055,""2024-02-24T03:15:00Z"
2024-02-24T03:00:00Z;"1.676,""2024-02-24T03:15:00Z"
2024-02-24T03:00:00Z;"0.524,""2024-02-24T03:15:00Z"
2024-02-24T03:00:00Z;"0,""2024-02-24T03:15:00Z"
2024-02-24T03:00:00Z;"0,""2024-02-24T03:15:00Z"
2024-02-24T03:00:00Z;"0,""2024-02-24T03:15:00Z"
2024-02-24T03:00:00Z;"0,""2024-02-24T03:15:00Z"
2024-02-24T03:00:00Z;"0,""2024-02-24T03:15:00Z"
2024-02-24T03:00:00Z;"0,""2024-02-24T03:15:00Z"
2024-02-24T03:00:00Z;"7.68,""2024-02-24T03:15:00Z"
2024-02-24T03:00:00Z;"10.475,""2024-02-24T03:15:00Z"
2024-02-24T03:00:00Z;"6.247,""2024-02-24T03:15:00Z"
2024-02-24T03:00:00Z;"10.816,""2024-02-24T03:15:00Z"
2024-02-24T03:00:00Z;"15.368,""2024-02-24T03:15:00Z"
2024-02-24T03:00:00Z;"8.958,""2024-02-24T03:15:00Z"
2024-02-24T03:00:00Z;"7.68,""2024-02-24T03:15:00Z"
2024-02-24T03:00:00Z;"10.475,""2024-02-24T03:15:00Z"
2024-02-24T03:00:00Z;"6.247,""2024-02-24T03:15:00Z"
2024-02-24T03:00:00Z;"10.816,""2024-02-24T03:15:00Z"
2024-02-24T03:00:00Z;"15.368,""2024-02-24T03:15:00Z"
2024-02-24T03:00:00Z;"8.958,""2024-02-24T03:15:00Z"
2024-02-24T03:00:00Z;"10.817,""2024-02-24T03:15:00Z"
2024-02-24T03:00:00Z;"15.695,""2024-02-24T03:15:00Z"
2024-02-24T03:00:00Z;"8.932,""2024-02-24T03:15:00Z"
2024-02-24T03:00:00Z;"7.679,""2024-02-24T03:15:00Z"
2024-02-24T03:00:00Z;"10.508,""2024-02-24T03:15:00Z"
2024-02-24T03:00:00Z;"6.352,""2024-02-24T03:15:00Z"
2024-02-24T03:00:00Z;"20.821,""2024-02-24T03:15:00Z"
2024-02-24T03:00:00Z;"23.612,""2024-02-24T03:15:00Z"
2024-02-24T03:00:00Z;"18.189,""2024-02-24T03:15:00Z"
2024-02-24T03:00:00Z;"7.156,""2024-02-24T03:15:00Z"
2024-02-24T03:00:00Z;"8.471,""2024-02-24T03:15:00Z"
2024-02-24T03:00:00Z;"6.195,""2024-02-24T03:15:00Z"
2024-02-24T03:15:00Z;0,2024-02-24T03:30:00Z
2024-02-24T03:15:00Z;0,2024-02-24T03:30:00Z
2024-02-24T03:15:00Z;0,2024-02-24T03:30:00Z
2024-02-24T03:15:00Z;0,2024-02-24T03:30:00Z
2024-02-24T03:15:00Z;0,2024-02-24T03:30:00Z
2024-02-24T03:15:00Z;0,2024-02-24T03:30:00Z
2024-02-24T03:15:00Z;0,2024-02-24T03:30:00Z
2024-02-24T03:15:00Z;0,2024-02-24T03:30:00Z
2024-02-24T03:15:00Z;0,2024-02-24T03:30:00Z
2024-02-24T03:15:00Z;0,2024-02-24T03:30:00Z
2024-02-24T03:15:00Z;0,2024-02-24T03:30:00Z
2024-02-24T03:15:00Z;0,2024-02-24T03:30:00Z
2024-02-24T03:15:00Z;1.744,2024-02-24T03:30:00Z
2024-02-24T03:15:00Z;2.527,2024-02-24T03:30:00Z
2024-02-24T03:15:00Z;0.798,2024-02-24T03:30:00Z
2024-02-24T03:15:00Z;0.883,2024-02-24T03:30:00Z
2024-02-24T03:15:00Z;1.553,2024-02-24T03:30:00Z
2024-02-24T03:15:00Z;0.507,2024-02-24T03:30:00Z
