ASH;AAA-BX0545;ETTP-2-13-36;deb5582c-2835-3257-bf13-8cfaf0f10873
ASH;AAA-BX0545;ETTP-1-21-36;46147a67-1425-33bf-a847-7c08224a7811
ASH;AAA-BX0557;ETTP-1-1-17;e11613a3-4d79-3b4d-bf2d-1aa6036c47bf
ASH;AAA-BX0557;ETTP-1-1-17;dc13e04e-67b5-334a-8bb1-355d04e66087
ASH;AAA-BX0963;PORT-3-3.3;5ebcdafc-d82c-3220-85a4-67be8ed1b25a
ASH;AAA-BX0963;PORT-3-3.3;084c2073-56b2-354e-8eaf-064a3c11f678
HSC;AOZ-BX0010;ETTP-1-5-24;81ab0922-f470-38de-a1d5-3a3031d8c2b3
HSC;AOZ-BX0010;ETTP-1-5-24;19b4a7c6-253b-33d3-8289-e7202152b6d9
HSC;AOZ-BX0011;ETTP-1-7-23;81ab0922-f470-38de-a1d5-3a3031d8c2b3
HSC;AOZ-BX0011;ETTP-1-7-23;19b4a7c6-253b-33d3-8289-e7202152b6d9
HSC;AOZ-BX0012;ETTP-2-5-25;e8890b7f-a523-364d-887b-100fa1280916
HSC;AOZ-BX0012;ETTP-3-5-25;5752a580-c4e5-3432-a000-a222e23a338b
HSC;AOZ-BX0013;ETTP-2-5-26;e8890b7f-a523-364d-887b-100fa1280916
HSC;AOZ-BX0013;ETTP-3-5-26;5752a580-c4e5-3432-a000-a222e23a338b
HSC;AOZ-BX0842;ETTP-2-5-24;deb5582c-2835-3257-bf13-8cfaf0f10873
HSC;AOZ-BX0842;ETTP-1-11-24;46147a67-1425-33bf-a847-7c08224a7811
HSC;AOZ-BX0848;ETTP-2-13-23;deb5582c-2835-3257-bf13-8cfaf0f10873
HSC;AOZ-BX0848;ETTP-1-21-23;46147a67-1425-33bf-a847-7c08224a7811
ANYCAST;ATY-BX0338;ETTP-2-5-37;deb5582c-2835-3257-bf13-8cfaf0f10873
ANYCAST;ATY-BX0338;ETTP-1-5-37;81ab0922-f470-38de-a1d5-3a3031d8c2b3
ANYCAST;ATY-BX0338;ETTP-1-11-37;46147a67-1425-33bf-a847-7c08224a7811
ANYCAST;ATY-BX0338;ETTP-1-5-37;19b4a7c6-253b-33d3-8289-e7202152b6d9
EBAY;BAB-BX0158;ETTP-2-5-26;deb5582c-2835-3257-bf13-8cfaf0f10873
EBAY;BAB-BX0158;ETTP-1-5-26;81ab0922-f470-38de-a1d5-3a3031d8c2b3
EBAY;BAB-BX0158;ETTP-1-11-26;46147a67-1425-33bf-a847-7c08224a7811
EBAY;BAB-BX0158;ETTP-1-5-26;19b4a7c6-253b-33d3-8289-e7202152b6d9
DROPBOX;BOP-BC0957;PORT-3-7;96f6e6c1-441c-33be-ad2a-3fd0cb21ae9b
DROPBOX;BOP-BC0957;PORT-2-3;541744af-5005-3f00-8c34-129adfa1ea40
DROPBOX;BOP-BC0957;PORT-1-7;37f1c72f-fbb7-3f8e-9631-48f0dcca6a65
STARLINK;BTV-BX1044;ETTP-5-5-20;facf7d88-e337-3525-8837-46cadf95d38f
STARLINK;BTV-BX1044;ETTP-1-5-20;85ee356a-67a8-3471-8301-a1eb7b24e5d3
META;CAC-BC0299;PORT-2-4;96f6e6c1-441c-33be-ad2a-3fd0cb21ae9b
META;CAC-BC0299;PORT-2-4;8232cdea-450b-326e-9ce2-09e5e056e8c2
META;CAC-BC0299;PORT-3-4;09135626-dc41-3c19-ba72-a36216587fd8
META;CAC-BC0494;PORT-1-3;96f6e6c1-441c-33be-ad2a-3fd0cb21ae9b
META;CAC-BC0494;PORT-1-3;8232cdea-450b-326e-9ce2-09e5e056e8c2
META;CAC-BC0494;PORT-1-3;09135626-dc41-3c19-ba72-a36216587fd8
META;CAC-BC0596;PORT-1-4;9f23802a-43c9-3e72-830b-e44268b0956e
META;CAC-BC0596;PORT-1-4;7457410e-2692-3274-a1bf-104ef4bc541a
META;CAC-BC0596;PORT-1-4;4c6b63e3-e391-39dd-9776-00b7db55a165
META;CAC-BC1196;PORT-1-3;fa5fd6b1-dcbe-37b6-a3f9-3bb115f1b3cf
META;CAC-BC1196;PORT-1-3;f54680f8-cfb3-3952-89f8-732507078683
META;CAC-BC1196;PORT-1-3;708f165b-23f0-3cad-9215-9f3a9f6a415e
META;CAC-BC1196;PORT-1-3;40ebde54-e9eb-338d-a818-2916065b20af
AUSSIE BROADBAND;CAG-DL0076;PORT-1-7;96f6e6c1-441c-33be-ad2a-3fd0cb21ae9b
AUSSIE BROADBAND;CAG-DL0076;PORT-1-7;8232cdea-450b-326e-9ce2-09e5e056e8c2
AUSSIE BROADBAND;CAG-DL0076;PORT-2-3;09135626-dc41-3c19-ba72-a36216587fd8
ORANGE;CPZ-B30060;ETTP-2-5-17;deb5582c-2835-3257-bf13-8cfaf0f10873
ORANGE;CPZ-B30060;ETTP-1-5-17;81ab0922-f470-38de-a1d5-3a3031d8c2b3
ORANGE;CPZ-B30060;ETTP-1-11-17;46147a67-1425-33bf-a847-7c08224a7811
ORANGE;CPZ-B30060;ETTP-1-5-17;19b4a7c6-253b-33d3-8289-e7202152b6d9
AMAZON;DEC-BC0066;PORT-1-3;ace22ea4-35c3-381c-b05a-65335d4a7d46
AMAZON;DEC-BC0066;PORT-1-3;7d51e007-f525-3d9a-82d7-85f13990f719
AMAZON;DEC-BC0066;PORT-1-3;5ff56004-538d-3233-9482-70fb10b89383
AMAZON;DEC-BC0066;PORT-1-3;424dafe6-3c80-390b-a920-91ce1225f5e9
AMAZON;DEC-BC0067;PORT-1-4;ace22ea4-35c3-381c-b05a-65335d4a7d46
AMAZON;DEC-BC0067;PORT-1-4;7d51e007-f525-3d9a-82d7-85f13990f719
AMAZON;DEC-BC0067;PORT-1-4;5ff56004-538d-3233-9482-70fb10b89383
AMAZON;DEC-BC0067;PORT-1-4;424dafe6-3c80-390b-a920-91ce1225f5e9
AMAZON;DEC-BC0072;PORT-1-12;ace22ea4-35c3-381c-b05a-65335d4a7d46
AMAZON;DEC-BC0072;PORT-1-12;7d51e007-f525-3d9a-82d7-85f13990f719
AMAZON;DEC-BC0072;PORT-1-12;5ff56004-538d-3233-9482-70fb10b89383
AMAZON;DEC-BC0072;PORT-1-12;424dafe6-3c80-390b-a920-91ce1225f5e9
AMAZON;DEC-BC0073;PORT-1-13;ace22ea4-35c3-381c-b05a-65335d4a7d46
AMAZON;DEC-BC0073;PORT-1-13;7d51e007-f525-3d9a-82d7-85f13990f719
AMAZON;DEC-BC0073;PORT-1-13;5ff56004-538d-3233-9482-70fb10b89383
AMAZON;DEC-BC0073;PORT-1-13;424dafe6-3c80-390b-a920-91ce1225f5e9
AMAZON;DEC-BC0074;PORT-3-3;ace22ea4-35c3-381c-b05a-65335d4a7d46
AMAZON;DEC-BC0074;PORT-3-3;7d51e007-f525-3d9a-82d7-85f13990f719
AMAZON;DEC-BC0074;PORT-3-3;5ff56004-538d-3233-9482-70fb10b89383
AMAZON;DEC-BC0074;PORT-3-3;424dafe6-3c80-390b-a920-91ce1225f5e9
AMAZON;DEC-BC0075;PORT-3-4;ace22ea4-35c3-381c-b05a-65335d4a7d46
AMAZON;DEC-BC0075;PORT-3-4;7d51e007-f525-3d9a-82d7-85f13990f719
AMAZON;DEC-BC0075;PORT-3-4;5ff56004-538d-3233-9482-70fb10b89383
AMAZON;DEC-BC0075;PORT-3-4;424dafe6-3c80-390b-a920-91ce1225f5e9
AMAZON;DEC-BC0169;PORT-1-4;d8b78021-bd2e-3cfc-8d6a-585470ff4e21
AMAZON;DEC-BC0169;PORT-1-4;06fe09a9-1096-3875-85d6-804f27368939
AMAZON;DEC-BC0305;PORT-1-5;d8b78021-bd2e-3cfc-8d6a-585470ff4e21
AMAZON;DEC-BC0305;PORT-1-5;06fe09a9-1096-3875-85d6-804f27368939
AMAZON;DEC-BC0311;PORT-1-6;d8b78021-bd2e-3cfc-8d6a-585470ff4e21
AMAZON;DEC-BC0311;PORT-1-6;06fe09a9-1096-3875-85d6-804f27368939
AMAZON;DEC-BC0320;PORT-1-5;ace22ea4-35c3-381c-b05a-65335d4a7d46
AMAZON;DEC-BC0320;PORT-1-5;7d51e007-f525-3d9a-82d7-85f13990f719
AMAZON;DEC-BC0320;PORT-1-5;5ff56004-538d-3233-9482-70fb10b89383
AMAZON;DEC-BC0320;PORT-1-5;424dafe6-3c80-390b-a920-91ce1225f5e9
AMAZON;DEC-BC0323;PORT-1-7;ace22ea4-35c3-381c-b05a-65335d4a7d46
AMAZON;DEC-BC0323;PORT-1-7;5ff56004-538d-3233-9482-70fb10b89383
AMAZON;DEC-BC0326;PORT-1-6;ace22ea4-35c3-381c-b05a-65335d4a7d46
AMAZON;DEC-BC0326;PORT-1-6;7d51e007-f525-3d9a-82d7-85f13990f719
AMAZON;DEC-BC0326;PORT-1-6;5ff56004-538d-3233-9482-70fb10b89383
AMAZON;DEC-BC0326;PORT-1-6;424dafe6-3c80-390b-a920-91ce1225f5e9
AMAZON;DEC-BC0329;PORT-1-11;ace22ea4-35c3-381c-b05a-65335d4a7d46
AMAZON;DEC-BC0329;PORT-1-11;7d51e007-f525-3d9a-82d7-85f13990f719
AMAZON;DEC-BC0329;PORT-1-11;5ff56004-538d-3233-9482-70fb10b89383
AMAZON;DEC-BC0329;PORT-1-11;424dafe6-3c80-390b-a920-91ce1225f5e9
AMAZON;DEC-BC0386;PORT-1-7;7d51e007-f525-3d9a-82d7-85f13990f719
AMAZON;DEC-BC0386;PORT-1-7;424dafe6-3c80-390b-a920-91ce1225f5e9
AMAZON;DEC-BC0884;PORT-3-5;ace22ea4-35c3-381c-b05a-65335d4a7d46
AMAZON;DEC-BC0884;PORT-3-5;7d51e007-f525-3d9a-82d7-85f13990f719
AMAZON;DEC-BC0884;PORT-3-5;5ff56004-538d-3233-9482-70fb10b89383
AMAZON;DEC-BC0884;PORT-3-5;424dafe6-3c80-390b-a920-91ce1225f5e9
AMAZON;DEC-BC0890;PORT-3-6;ace22ea4-35c3-381c-b05a-65335d4a7d46
AMAZON;DEC-BC0890;PORT-3-6;7d51e007-f525-3d9a-82d7-85f13990f719
AMAZON;DEC-BC0890;PORT-3-6;5ff56004-538d-3233-9482-70fb10b89383
AMAZON;DEC-BC0890;PORT-3-6;424dafe6-3c80-390b-a920-91ce1225f5e9
AMAZON;DEC-BC0893;PORT-3-11;7d51e007-f525-3d9a-82d7-85f13990f719
AMAZON;DEC-BC0893;PORT-3-11;424dafe6-3c80-390b-a920-91ce1225f5e9
AMAZON;DEC-BC0896;PORT-3-12;ace22ea4-35c3-381c-b05a-65335d4a7d46
AMAZON;DEC-BC0896;PORT-3-12;7d51e007-f525-3d9a-82d7-85f13990f719
AMAZON;DEC-BC0896;PORT-3-12;5ff56004-538d-3233-9482-70fb10b89383
AMAZON;DEC-BC0896;PORT-3-12;424dafe6-3c80-390b-a920-91ce1225f5e9
AMAZON;DEC-BC0920;PORT-3-3;afc5fe8f-5097-3e1d-81b6-ec1c3537e82c
AMAZON;DEC-BC0920;PORT-3-13;ace22ea4-35c3-381c-b05a-65335d4a7d46
AMAZON;DEC-BC0920;PORT-2-3;966596e9-ebbc-3973-b91f-a86be070b054
AMAZON;DEC-BC0920;PORT-3-13;7d51e007-f525-3d9a-82d7-85f13990f719
AMAZON;DEC-BC0920;PORT-3-3;61cf31ca-edba-30fd-920a-6316ad31300b
AMAZON;DEC-BC0920;PORT-3-13;5ff56004-538d-3233-9482-70fb10b89383
AMAZON;DEC-BC0920;PORT-2-3;57ca4411-2e4e-38a7-aa9d-dd134021f27b
AMAZON;DEC-BC0920;PORT-3-13;424dafe6-3c80-390b-a920-91ce1225f5e9
SALESFORCE;EEE-BX0491;ETTP-1-7-38;81ab0922-f470-38de-a1d5-3a3031d8c2b3
SALESFORCE;EEE-BX0491;ETTP-1-7-38;19b4a7c6-253b-33d3-8289-e7202152b6d9
AARNET;ETA-BC0668;PORT-3-3;96f6e6c1-441c-33be-ad2a-3fd0cb21ae9b
AARNET;ETA-BC0668;PORT-1-3;541744af-5005-3f00-8c34-129adfa1ea40
AARNET;ETA-BC0668;PORT-1-3;37f1c72f-fbb7-3f8e-9631-48f0dcca6a65
GOOGLE;GLE-BC0680;PORT-1-3;e5e79ebf-c02f-3968-8113-54f6d67cf357
GOOGLE;GLE-BC0680;PORT-1-3;c95ad048-5a45-3934-9ce4-ef778e516355
GOOGLE;GLE-BC0680;PORT-1-3;846a84d8-116e-3380-af59-45716638fb29
GOOGLE;GLE-BC0680;PORT-1-3;537520e5-0677-3bca-8305-5a9346d1a81f
GOOGLE;GLE-BC0686;PORT-1-4;e5e79ebf-c02f-3968-8113-54f6d67cf357
GOOGLE;GLE-BC0686;PORT-1-4;c95ad048-5a45-3934-9ce4-ef778e516355
GOOGLE;GLE-BC0686;PORT-1-4;846a84d8-116e-3380-af59-45716638fb29
GOOGLE;GLE-BC0686;PORT-1-4;537520e5-0677-3bca-8305-5a9346d1a81f
GOOGLE;GLE-BC0689;PORT-1-5;e5e79ebf-c02f-3968-8113-54f6d67cf357
GOOGLE;GLE-BC0689;PORT-1-5;c95ad048-5a45-3934-9ce4-ef778e516355
GOOGLE;GLE-BC0689;PORT-1-5;846a84d8-116e-3380-af59-45716638fb29
GOOGLE;GLE-BC0689;PORT-1-5;537520e5-0677-3bca-8305-5a9346d1a81f
GOOGLE;GLE-BC0692;PORT-1-6;e5e79ebf-c02f-3968-8113-54f6d67cf357
GOOGLE;GLE-BC0692;PORT-1-6;c95ad048-5a45-3934-9ce4-ef778e516355
GOOGLE;GLE-BC0692;PORT-1-6;846a84d8-116e-3380-af59-45716638fb29
GOOGLE;GLE-BC0692;PORT-1-6;537520e5-0677-3bca-8305-5a9346d1a81f
GOOGLE;GLE-BC0698;PORT-1-7;e5e79ebf-c02f-3968-8113-54f6d67cf357
GOOGLE;GLE-BC0698;PORT-1-7;c95ad048-5a45-3934-9ce4-ef778e516355
GOOGLE;GLE-BC0698;PORT-1-7;846a84d8-116e-3380-af59-45716638fb29
GOOGLE;GLE-BC0698;PORT-1-7;537520e5-0677-3bca-8305-5a9346d1a81f
GOOGLE;GLE-BC0701;PORT-1-11;e5e79ebf-c02f-3968-8113-54f6d67cf357
GOOGLE;GLE-BC0701;PORT-1-11;c95ad048-5a45-3934-9ce4-ef778e516355
GOOGLE;GLE-BC0701;PORT-1-11;846a84d8-116e-3380-af59-45716638fb29
GOOGLE;GLE-BC0701;PORT-1-11;537520e5-0677-3bca-8305-5a9346d1a81f
GOOGLE;GLE-BC0704;PORT-1-12;e5e79ebf-c02f-3968-8113-54f6d67cf357
GOOGLE;GLE-BC0704;PORT-1-12;c95ad048-5a45-3934-9ce4-ef778e516355
GOOGLE;GLE-BC0704;PORT-1-12;846a84d8-116e-3380-af59-45716638fb29
GOOGLE;GLE-BC0704;PORT-1-12;537520e5-0677-3bca-8305-5a9346d1a81f
GOOGLE;GLE-BC0707;PORT-1-13;e5e79ebf-c02f-3968-8113-54f6d67cf357
GOOGLE;GLE-BC0707;PORT-1-13;c95ad048-5a45-3934-9ce4-ef778e516355
GOOGLE;GLE-BC0707;PORT-1-13;846a84d8-116e-3380-af59-45716638fb29
GOOGLE;GLE-BC0707;PORT-1-13;537520e5-0677-3bca-8305-5a9346d1a81f
GOOGLE;GLE-BC0710;PORT-1-14;e5e79ebf-c02f-3968-8113-54f6d67cf357
GOOGLE;GLE-BC0710;PORT-1-14;c95ad048-5a45-3934-9ce4-ef778e516355
GOOGLE;GLE-BC0710;PORT-1-14;846a84d8-116e-3380-af59-45716638fb29
GOOGLE;GLE-BC0710;PORT-1-14;537520e5-0677-3bca-8305-5a9346d1a81f
GOOGLE;GLE-BC0713;PORT-3-3;e5e79ebf-c02f-3968-8113-54f6d67cf357
GOOGLE;GLE-BC0713;PORT-3-3;c95ad048-5a45-3934-9ce4-ef778e516355
GOOGLE;GLE-BC0713;PORT-3-3;846a84d8-116e-3380-af59-45716638fb29
GOOGLE;GLE-BC0713;PORT-3-3;537520e5-0677-3bca-8305-5a9346d1a81f
GOOGLE;GLE-BC0716;PORT-3-4;e5e79ebf-c02f-3968-8113-54f6d67cf357
GOOGLE;GLE-BC0716;PORT-3-4;c95ad048-5a45-3934-9ce4-ef778e516355
GOOGLE;GLE-BC0716;PORT-3-4;846a84d8-116e-3380-af59-45716638fb29
GOOGLE;GLE-BC0716;PORT-3-4;537520e5-0677-3bca-8305-5a9346d1a81f
GOOGLE;GLE-BC0719;PORT-3-5;e5e79ebf-c02f-3968-8113-54f6d67cf357
GOOGLE;GLE-BC0719;PORT-3-5;c95ad048-5a45-3934-9ce4-ef778e516355
GOOGLE;GLE-BC0719;PORT-3-5;846a84d8-116e-3380-af59-45716638fb29
GOOGLE;GLE-BC0719;PORT-3-5;537520e5-0677-3bca-8305-5a9346d1a81f
GOOGLE;GLE-BC0722;PORT-3-6;e5e79ebf-c02f-3968-8113-54f6d67cf357
GOOGLE;GLE-BC0722;PORT-3-6;c95ad048-5a45-3934-9ce4-ef778e516355
GOOGLE;GLE-BC0722;PORT-3-6;846a84d8-116e-3380-af59-45716638fb29
GOOGLE;GLE-BC0722;PORT-3-6;537520e5-0677-3bca-8305-5a9346d1a81f
GOOGLE;GLE-BC0725;PORT-3-11;e5e79ebf-c02f-3968-8113-54f6d67cf357
GOOGLE;GLE-BC0725;PORT-3-11;c95ad048-5a45-3934-9ce4-ef778e516355
GOOGLE;GLE-BC0725;PORT-3-11;846a84d8-116e-3380-af59-45716638fb29
GOOGLE;GLE-BC0725;PORT-3-11;537520e5-0677-3bca-8305-5a9346d1a81f
GOOGLE;GLE-BC0728;PORT-3-12;e5e79ebf-c02f-3968-8113-54f6d67cf357
GOOGLE;GLE-BC0728;PORT-3-12;c95ad048-5a45-3934-9ce4-ef778e516355
GOOGLE;GLE-BC0728;PORT-3-12;846a84d8-116e-3380-af59-45716638fb29
GOOGLE;GLE-BC0728;PORT-3-12;537520e5-0677-3bca-8305-5a9346d1a81f
GOOGLE;GLE-BC0731;PORT-3-13;e5e79ebf-c02f-3968-8113-54f6d67cf357
GOOGLE;GLE-BC0731;PORT-3-13;c95ad048-5a45-3934-9ce4-ef778e516355
GOOGLE;GLE-BC0731;PORT-3-13;846a84d8-116e-3380-af59-45716638fb29
GOOGLE;GLE-BC0731;PORT-3-13;537520e5-0677-3bca-8305-5a9346d1a81f
GOOGLE;GLE-BC0734;PORT-3-14;e5e79ebf-c02f-3968-8113-54f6d67cf357
GOOGLE;GLE-BC0734;PORT-3-14;c95ad048-5a45-3934-9ce4-ef778e516355
GOOGLE;GLE-BC0734;PORT-3-14;846a84d8-116e-3380-af59-45716638fb29
GOOGLE;GLE-BC0734;PORT-3-14;537520e5-0677-3bca-8305-5a9346d1a81f
GOOGLE;GLE-BC0737;PORT-5-3;e5e79ebf-c02f-3968-8113-54f6d67cf357
GOOGLE;GLE-BC0737;PORT-5-3;c95ad048-5a45-3934-9ce4-ef778e516355
GOOGLE;GLE-BC0737;PORT-5-3;846a84d8-116e-3380-af59-45716638fb29
GOOGLE;GLE-BC0737;PORT-5-3;537520e5-0677-3bca-8305-5a9346d1a81f
GOOGLE;GLE-BC0740;PORT-5-4;e5e79ebf-c02f-3968-8113-54f6d67cf357
GOOGLE;GLE-BC0740;PORT-5-4;c95ad048-5a45-3934-9ce4-ef778e516355
GOOGLE;GLE-BC0740;PORT-5-4;846a84d8-116e-3380-af59-45716638fb29
GOOGLE;GLE-BC0740;PORT-5-4;537520e5-0677-3bca-8305-5a9346d1a81f
GOOGLE;GLE-BC0743;PORT-5-5;e5e79ebf-c02f-3968-8113-54f6d67cf357
GOOGLE;GLE-BC0743;PORT-5-5;c95ad048-5a45-3934-9ce4-ef778e516355
GOOGLE;GLE-BC0743;PORT-5-5;846a84d8-116e-3380-af59-45716638fb29
GOOGLE;GLE-BC0743;PORT-5-5;537520e5-0677-3bca-8305-5a9346d1a81f
GOOGLE;GLE-BC0746;PORT-5-6;e5e79ebf-c02f-3968-8113-54f6d67cf357
GOOGLE;GLE-BC0746;PORT-5-6;c95ad048-5a45-3934-9ce4-ef778e516355
GOOGLE;GLE-BC0746;PORT-5-6;846a84d8-116e-3380-af59-45716638fb29
GOOGLE;GLE-BC0746;PORT-5-6;537520e5-0677-3bca-8305-5a9346d1a81f
GOOGLE;GLE-BC0749;PORT-5-7;e5e79ebf-c02f-3968-8113-54f6d67cf357
GOOGLE;GLE-BC0749;PORT-5-7;c95ad048-5a45-3934-9ce4-ef778e516355
GOOGLE;GLE-BC0749;PORT-5-7;846a84d8-116e-3380-af59-45716638fb29
GOOGLE;GLE-BC0749;PORT-5-7;537520e5-0677-3bca-8305-5a9346d1a81f
GOOGLE;GLE-BC0752;PORT-5-11;e5e79ebf-c02f-3968-8113-54f6d67cf357
GOOGLE;GLE-BC0752;PORT-5-11;c95ad048-5a45-3934-9ce4-ef778e516355
GOOGLE;GLE-BC0752;PORT-5-11;846a84d8-116e-3380-af59-45716638fb29
GOOGLE;GLE-BC0752;PORT-5-11;537520e5-0677-3bca-8305-5a9346d1a81f
GOOGLE;GLE-BC0755;PORT-5-12;e5e79ebf-c02f-3968-8113-54f6d67cf357
GOOGLE;GLE-BC0755;PORT-5-12;c95ad048-5a45-3934-9ce4-ef778e516355
GOOGLE;GLE-BC0755;PORT-5-12;846a84d8-116e-3380-af59-45716638fb29
GOOGLE;GLE-BC0755;PORT-5-12;537520e5-0677-3bca-8305-5a9346d1a81f
GOOGLE;GLE-BC0758;PORT-5-13;e5e79ebf-c02f-3968-8113-54f6d67cf357
GOOGLE;GLE-BC0758;PORT-5-13;c95ad048-5a45-3934-9ce4-ef778e516355
GOOGLE;GLE-BC0758;PORT-5-13;846a84d8-116e-3380-af59-45716638fb29
GOOGLE;GLE-BC0758;PORT-5-13;537520e5-0677-3bca-8305-5a9346d1a81f
GOOGLE;GLE-BC0761;PORT-5-14;e5e79ebf-c02f-3968-8113-54f6d67cf357
GOOGLE;GLE-BC0761;PORT-5-14;c95ad048-5a45-3934-9ce4-ef778e516355
GOOGLE;GLE-BC0761;PORT-5-14;846a84d8-116e-3380-af59-45716638fb29
GOOGLE;GLE-BC0761;PORT-5-14;537520e5-0677-3bca-8305-5a9346d1a81f
GOOGLE;GLE-BC0764;PORT-7-3;e5e79ebf-c02f-3968-8113-54f6d67cf357
GOOGLE;GLE-BC0764;PORT-7-3;c95ad048-5a45-3934-9ce4-ef778e516355
GOOGLE;GLE-BC0764;PORT-7-3;846a84d8-116e-3380-af59-45716638fb29
GOOGLE;GLE-BC0764;PORT-7-3;537520e5-0677-3bca-8305-5a9346d1a81f
GOOGLE;GLE-BC0767;PORT-7-4;e5e79ebf-c02f-3968-8113-54f6d67cf357
GOOGLE;GLE-BC0767;PORT-7-4;c95ad048-5a45-3934-9ce4-ef778e516355
GOOGLE;GLE-BC0767;PORT-7-4;846a84d8-116e-3380-af59-45716638fb29
GOOGLE;GLE-BC0767;PORT-7-4;537520e5-0677-3bca-8305-5a9346d1a81f
ONATI;IOA-BX0527;ETTP-2-5-19;e8890b7f-a523-364d-887b-100fa1280916
ONATI;IOA-BX0527;ETTP-1-1-18;e11613a3-4d79-3b4d-bf2d-1aa6036c47bf
ONATI;IOA-BX0527;ETTP-1-1-18;dc13e04e-67b5-334a-8bb1-355d04e66087
ONATI;IOA-BX0527;ETTP-1-5-19;cebdf90b-f844-3bed-aca4-5f292d256677
ONATI;IOA-BX0527;ETTP-1-12-19;85ee356a-67a8-3471-8301-a1eb7b24e5d3
ONATI;IOA-BX0527;ETTP-3-5-19;5752a580-c4e5-3432-a000-a222e23a338b
ONATI;IOA-BX0533;ETTP-1-1-19;e11613a3-4d79-3b4d-bf2d-1aa6036c47bf
ONATI;IOA-BX0533;ETTP-1-1-19;dc13e04e-67b5-334a-8bb1-355d04e66087
ONATI;IOA-BX0536;ETTP-1-1-20;e11613a3-4d79-3b4d-bf2d-1aa6036c47bf
ONATI;IOA-BX0536;ETTP-2-13-32;deb5582c-2835-3257-bf13-8cfaf0f10873
ONATI;IOA-BX0536;ETTP-1-1-20;dc13e04e-67b5-334a-8bb1-355d04e66087
ONATI;IOA-BX0536;ETTP-1-21-32;46147a67-1425-33bf-a847-7c08224a7811
ONATI;IOA-BX0539;ETTP-1-1-21;e11613a3-4d79-3b4d-bf2d-1aa6036c47bf
ONATI;IOA-BX0539;ETTP-2-13-33;deb5582c-2835-3257-bf13-8cfaf0f10873
ONATI;IOA-BX0539;ETTP-1-1-21;dc13e04e-67b5-334a-8bb1-355d04e66087
ONATI;IOA-BX0539;ETTP-1-21-33;46147a67-1425-33bf-a847-7c08224a7811
ONATI;IOA-BX0542;ETTP-1-1-23;e11613a3-4d79-3b4d-bf2d-1aa6036c47bf
ONATI;IOA-BX0542;ETTP-2-13-35;deb5582c-2835-3257-bf13-8cfaf0f10873
ONATI;IOA-BX0542;ETTP-1-1-23;dc13e04e-67b5-334a-8bb1-355d04e66087
ONATI;IOA-BX0542;ETTP-1-21-35;46147a67-1425-33bf-a847-7c08224a7811
EQUINIX;IQX-BC1053;PORT-3-8;96f6e6c1-441c-33be-ad2a-3fd0cb21ae9b
EQUINIX;IQX-BC1053;PORT-2-4;541744af-5005-3f00-8c34-129adfa1ea40
EQUINIX;IQX-BC1053;PORT-1-8;37f1c72f-fbb7-3f8e-9631-48f0dcca6a65
EQUINIX;IQX-BX0398;ETTP-2-13-24;deb5582c-2835-3257-bf13-8cfaf0f10873
EQUINIX;IQX-BX0398;ETTP-1-7-24;81ab0922-f470-38de-a1d5-3a3031d8c2b3
EQUINIX;IQX-BX0398;ETTP-1-21-24;46147a67-1425-33bf-a847-7c08224a7811
EQUINIX;IQX-BX0398;ETTP-1-7-24;19b4a7c6-253b-33d3-8289-e7202152b6d9
HURRICANE ELECTRIC;JMV-BC1222;PORT-1-5;fa5fd6b1-dcbe-37b6-a3f9-3bb115f1b3cf
HURRICANE ELECTRIC;JMV-BC1222;PORT-1-5;f54680f8-cfb3-3952-89f8-732507078683
HURRICANE ELECTRIC;JMV-BC1222;PORT-1-5;708f165b-23f0-3cad-9215-9f3a9f6a415e
HURRICANE ELECTRIC;JMV-BC1222;PORT-1-5;40ebde54-e9eb-338d-a818-2916065b20af
HURRICANE ELECTRIC;JMV-BC1225;PORT-2-3;6a1144f4-091f-320f-b309-a331095b5239
HURRICANE ELECTRIC;JMV-BC1225;PORT-2-3;48c69ad2-ec88-326b-a2e8-1a4e6dfeb829
DEVOLI;LLO-BCD1272;PORT-3-3;aae80b31-5728-3c42-9515-eb4488df7433
DEVOLI;LLO-BCD1272;PORT-3-3;3ca1f70a-f6ec-36ba-a9e6-5ef5c1664d5d
ASTCA;LWX-BX0020;ETTP-4-3-17;deb5582c-2835-3257-bf13-8cfaf0f10873
ASTCA;LWX-BX0020;ETTP-1-23-17;46147a67-1425-33bf-a847-7c08224a7811
ASTCA;LWX-BX0021;ETTP-4-3-18;deb5582c-2835-3257-bf13-8cfaf0f10873
ASTCA;LWX-BX0021;ETTP-1-23-18;46147a67-1425-33bf-a847-7c08224a7811
ASTCA;LWX-BX0022;ETTP-4-3-19;deb5582c-2835-3257-bf13-8cfaf0f10873
ASTCA;LWX-BX0022;ETTP-1-23-19;46147a67-1425-33bf-a847-7c08224a7811
ASTCA;LWX-BX0023;ETTP-4-3-20;deb5582c-2835-3257-bf13-8cfaf0f10873
ASTCA;LWX-BX0023;ETTP-1-23-20;46147a67-1425-33bf-a847-7c08224a7811
VERIZON;MMF-BX1117;STTP-2-13-17;deb5582c-2835-3257-bf13-8cfaf0f10873
VERIZON;MMF-BX1117;STTP-1-21-17;46147a67-1425-33bf-a847-7c08224a7811
MICROSOFT;MSO-BC0671;PORT-3-4;fb8cfb4c-0faf-3241-a3f3-e5c4fe91b4df
MICROSOFT;MSO-BC0671;PORT-3-4;a26c2a6e-211d-3e64-96b0-02d809d54207
MICROSOFT;MSO-BC0677;PORT-1-3;ea0a34d7-7b2f-30db-a2ed-0ae76046baf9
MICROSOFT;MSO-BC0677;PORT-1-3;26800faf-0c71-3e31-85e6-cae01bcf983e
ZAYO;MVY-BX0081;ETTP-2-5-25;deb5582c-2835-3257-bf13-8cfaf0f10873
ZAYO;MVY-BX0081;ETTP-1-5-25;81ab0922-f470-38de-a1d5-3a3031d8c2b3
ZAYO;MVY-BX0081;ETTP-1-11-25;46147a67-1425-33bf-a847-7c08224a7811
ZAYO;MVY-BX0081;ETTP-1-5-25;19b4a7c6-253b-33d3-8289-e7202152b6d9
ZAYO;MVY-BX0200;ETTP-2-5-36;deb5582c-2835-3257-bf13-8cfaf0f10873
ZAYO;MVY-BX0200;ETTP-1-5-36;81ab0922-f470-38de-a1d5-3a3031d8c2b3
ZAYO;MVY-BX0200;ETTP-1-11-36;46147a67-1425-33bf-a847-7c08224a7811
ZAYO;MVY-BX0200;ETTP-1-5-36;19b4a7c6-253b-33d3-8289-e7202152b6d9
ZAYO;MVY-BX0969;ETTP-2-13-20;deb5582c-2835-3257-bf13-8cfaf0f10873
ZAYO;MVY-BX0969;ETTP-1-7-20;81ab0922-f470-38de-a1d5-3a3031d8c2b3
ZAYO;MVY-BX0969;ETTP-1-21-20;46147a67-1425-33bf-a847-7c08224a7811
ZAYO;MVY-BX0969;ETTP-1-7-20;19b4a7c6-253b-33d3-8289-e7202152b6d9
AT&T;NJZ-BC1068;PORT-3-7;d53ea14e-babf-34ca-856c-f96e3574e920
AT&T;NJZ-BC1068;PORT-3-7;b1b43e65-5fab-3e5b-8ab1-ef84cf49a787
AT&T;NJZ-BX0006;ETTP-1-7-37;81ab0922-f470-38de-a1d5-3a3031d8c2b3
AT&T;NJZ-BX0006;ETTP-1-7-37;19b4a7c6-253b-33d3-8289-e7202152b6d9
AT&T;NJZ-BX0007;ETTP-2-5-27;e8890b7f-a523-364d-887b-100fa1280916
AT&T;NJZ-BX0007;ETTP-3-5-27;5752a580-c4e5-3432-a000-a222e23a338b
HAWAIIAN TEL;OMA-BC0034;PORT-1-4;8232cdea-450b-326e-9ce2-09e5e056e8c2
HAWAIIAN TEL;OMA-BC0034;PORT-1-8;09135626-dc41-3c19-ba72-a36216587fd8
HAWAIIAN TEL;OMA-BX0035;ETTP-2-7-17;deb5582c-2835-3257-bf13-8cfaf0f10873
HAWAIIAN TEL;OMA-BX0035;ETTP-1-13-17;46147a67-1425-33bf-a847-7c08224a7811
HAWAIIAN TEL;OMA-BX0037;ETTP-2-7-18;deb5582c-2835-3257-bf13-8cfaf0f10873
HAWAIIAN TEL;OMA-BX0037;ETTP-1-13-18;46147a67-1425-33bf-a847-7c08224a7811
HAWAIIAN TEL;OMA-BX0038;ETTP-2-7-19;deb5582c-2835-3257-bf13-8cfaf0f10873
HAWAIIAN TEL;OMA-BX0038;ETTP-1-13-19;46147a67-1425-33bf-a847-7c08224a7811
HAWAIIAN TEL;OMA-BX0039;ETTP-2-7-20;deb5582c-2835-3257-bf13-8cfaf0f10873
HAWAIIAN TEL;OMA-BX0039;ETTP-1-13-20;46147a67-1425-33bf-a847-7c08224a7811
HAWAIIAN TEL;OMA-BX0040;ETTP-2-7-21;deb5582c-2835-3257-bf13-8cfaf0f10873
HAWAIIAN TEL;OMA-BX0040;ETTP-1-13-21;46147a67-1425-33bf-a847-7c08224a7811
HAWAIIAN TEL;OMA-BX0041;ETTP-2-7-23;deb5582c-2835-3257-bf13-8cfaf0f10873
HAWAIIAN TEL;OMA-BX0041;ETTP-1-13-23;46147a67-1425-33bf-a847-7c08224a7811
HAWAIIAN TEL;OMA-BX0042;ETTP-2-7-24;deb5582c-2835-3257-bf13-8cfaf0f10873
HAWAIIAN TEL;OMA-BX0042;ETTP-1-13-24;46147a67-1425-33bf-a847-7c08224a7811
HAWAIIAN TEL;OMA-BX0043;ETTP-2-7-25;deb5582c-2835-3257-bf13-8cfaf0f10873
HAWAIIAN TEL;OMA-BX0043;ETTP-1-13-25;46147a67-1425-33bf-a847-7c08224a7811
HAWAIIAN TEL;OMA-BX0044;ETTP-2-7-26;deb5582c-2835-3257-bf13-8cfaf0f10873
HAWAIIAN TEL;OMA-BX0044;ETTP-1-13-26;46147a67-1425-33bf-a847-7c08224a7811
HAWAIIAN TEL;OMA-BX0045;ETTP-2-7-27;deb5582c-2835-3257-bf13-8cfaf0f10873
HAWAIIAN TEL;OMA-BX0045;ETTP-1-13-27;46147a67-1425-33bf-a847-7c08224a7811
HAWAIIAN TEL;OMA-BX0206;ETTP-2-7-11;deb5582c-2835-3257-bf13-8cfaf0f10873
HAWAIIAN TEL;OMA-BX0206;ETTP-1-13-11;46147a67-1425-33bf-a847-7c08224a7811
HAWAIIAN TEL;OMA-BX0212;ETTP-2-7-12;deb5582c-2835-3257-bf13-8cfaf0f10873
HAWAIIAN TEL;OMA-BX0212;ETTP-1-13-12;46147a67-1425-33bf-a847-7c08224a7811
HAWAIIAN TEL;OMA-BX0215;ETTP-2-7-13;deb5582c-2835-3257-bf13-8cfaf0f10873
HAWAIIAN TEL;OMA-BX0215;ETTP-1-13-13;46147a67-1425-33bf-a847-7c08224a7811
HAWAIIAN TEL;OMA-BX0221;ETTP-2-7-14;deb5582c-2835-3257-bf13-8cfaf0f10873
HAWAIIAN TEL;OMA-BX0221;ETTP-1-13-14;46147a67-1425-33bf-a847-7c08224a7811
HAWAIIAN TEL;OMA-BX0227;ETTP-2-7-15;deb5582c-2835-3257-bf13-8cfaf0f10873
HAWAIIAN TEL;OMA-BX0227;ETTP-1-13-15;46147a67-1425-33bf-a847-7c08224a7811
HAWAIIAN TEL;OMA-BX0230;ETTP-2-7-16;deb5582c-2835-3257-bf13-8cfaf0f10873
HAWAIIAN TEL;OMA-BX0230;ETTP-1-13-16;46147a67-1425-33bf-a847-7c08224a7811
HAWAIIAN TEL;OMA-BX0233;ETTP-2-7-37;deb5582c-2835-3257-bf13-8cfaf0f10873
HAWAIIAN TEL;OMA-BX0233;ETTP-1-13-37;46147a67-1425-33bf-a847-7c08224a7811
HAWAIIAN TEL;OMA-BX0236;ETTP-2-7-38;deb5582c-2835-3257-bf13-8cfaf0f10873
HAWAIIAN TEL;OMA-BX0236;ETTP-1-13-38;46147a67-1425-33bf-a847-7c08224a7811
HAWAIIAN TEL;OMA-BX0239;ETTP-2-7-39;deb5582c-2835-3257-bf13-8cfaf0f10873
HAWAIIAN TEL;OMA-BX0239;ETTP-1-13-39;46147a67-1425-33bf-a847-7c08224a7811
HAWAIIAN TEL;OMA-BX0245;ETTP-2-7-40;deb5582c-2835-3257-bf13-8cfaf0f10873
HAWAIIAN TEL;OMA-BX0245;ETTP-1-13-40;46147a67-1425-33bf-a847-7c08224a7811
HAWAIIAN TEL;OMA-BX1080;ETTP-1-1-25;e11613a3-4d79-3b4d-bf2d-1aa6036c47bf
HAWAIIAN TEL;OMA-BX1080;ETTP-1-1-25;dc13e04e-67b5-334a-8bb1-355d04e66087
COGENT;ONC-BC0951;PORT-3-4;96f6e6c1-441c-33be-ad2a-3fd0cb21ae9b
COGENT;ONC-BC0951;PORT-1-4;541744af-5005-3f00-8c34-129adfa1ea40
COGENT;ONC-BC0951;PORT-1-4;37f1c72f-fbb7-3f8e-9631-48f0dcca6a65
COGENT;ONC-BC1002;PORT-3-4;6a1144f4-091f-320f-b309-a331095b5239
COGENT;ONC-BC1002;PORT-3-4;48c69ad2-ec88-326b-a2e8-1a4e6dfeb829
COGENT;ONC-BC1228;PORT-7-12;fb8cfb4c-0faf-3241-a3f3-e5c4fe91b4df
COGENT;ONC-BC1228;PORT-7-12;a26c2a6e-211d-3e64-96b0-02d809d54207
COGENT;ONC-BC1228;PORT-7-12;730bda79-6193-3df0-b4a9-df1e10cd9c12
COGENT;ONC-BC1228;PORT-7-12;1b2c2aa9-aeae-34d2-8bf5-91786deef8fd
COGENT;ONC-BC1231;PORT-1-4;fa5fd6b1-dcbe-37b6-a3f9-3bb115f1b3cf
COGENT;ONC-BC1231;PORT-1-4;f54680f8-cfb3-3952-89f8-732507078683
COGENT;ONC-BC1231;PORT-1-4;708f165b-23f0-3cad-9215-9f3a9f6a415e
COGENT;ONC-BC1231;PORT-1-4;40ebde54-e9eb-338d-a818-2916065b20af
COLT;PTJ-BX0911;PORT-3-3.1;ea0a34d7-7b2f-30db-a2ed-0ae76046baf9
COLT;PTJ-BX0911;PORT-3-3.1;5ebcdafc-d82c-3220-85a4-67be8ed1b25a
COLT;PTJ-BX0911;PORT-3-3.1;26800faf-0c71-3e31-85e6-cae01bcf983e
COLT;PTJ-BX0911;PORT-3-3.1;084c2073-56b2-354e-8eaf-064a3c11f678
COLT;PTJ-BX1074;ETTP-2-13-25;deb5582c-2835-3257-bf13-8cfaf0f10873
COLT;PTJ-BX1074;ETTP-1-7-25;81ab0922-f470-38de-a1d5-3a3031d8c2b3
COLT;PTJ-BX1074;ETTP-1-21-25;46147a67-1425-33bf-a847-7c08224a7811
COLT;PTJ-BX1074;ETTP-1-7-25;19b4a7c6-253b-33d3-8289-e7202152b6d9
TELSTRA;RLZ-BC0028;PORT-3-4;d53ea14e-babf-34ca-856c-f96e3574e920
TELSTRA;RLZ-BC0028;PORT-3-4;b1b43e65-5fab-3e5b-8ab1-ef84cf49a787
TELSTRA;RLZ-BC0028;PORT-3-4;82a96565-4108-3d43-9c4f-8240fae93027
TELSTRA;RLZ-BC0028;PORT-3-4;7989d0e0-8d47-3d62-b4e5-e379c1f286ad
TELSTRA;RLZ-BX0047;ETTP-2-5-19;deb5582c-2835-3257-bf13-8cfaf0f10873
TELSTRA;RLZ-BX0047;ETTP-1-5-19;81ab0922-f470-38de-a1d5-3a3031d8c2b3
TELSTRA;RLZ-BX0047;ETTP-1-11-19;46147a67-1425-33bf-a847-7c08224a7811
TELSTRA;RLZ-BX0047;ETTP-1-5-19;19b4a7c6-253b-33d3-8289-e7202152b6d9
TELSTRA;RLZ-BX0048;ETTP-2-5-20;deb5582c-2835-3257-bf13-8cfaf0f10873
TELSTRA;RLZ-BX0048;ETTP-1-5-20;81ab0922-f470-38de-a1d5-3a3031d8c2b3
TELSTRA;RLZ-BX0048;ETTP-1-11-20;46147a67-1425-33bf-a847-7c08224a7811
TELSTRA;RLZ-BX0048;ETTP-1-5-20;19b4a7c6-253b-33d3-8289-e7202152b6d9
TELSTRA;RLZ-BX0049;ETTP-2-5-21;deb5582c-2835-3257-bf13-8cfaf0f10873
TELSTRA;RLZ-BX0049;ETTP-1-5-21;81ab0922-f470-38de-a1d5-3a3031d8c2b3
TELSTRA;RLZ-BX0049;ETTP-1-11-21;46147a67-1425-33bf-a847-7c08224a7811
TELSTRA;RLZ-BX0049;ETTP-1-5-21;19b4a7c6-253b-33d3-8289-e7202152b6d9
TELSTRA;RLZ-BX0050;ETTP-2-5-27;deb5582c-2835-3257-bf13-8cfaf0f10873
TELSTRA;RLZ-BX0050;ETTP-1-5-27;81ab0922-f470-38de-a1d5-3a3031d8c2b3
TELSTRA;RLZ-BX0050;ETTP-1-11-27;46147a67-1425-33bf-a847-7c08224a7811
TELSTRA;RLZ-BX0050;ETTP-1-5-27;19b4a7c6-253b-33d3-8289-e7202152b6d9
TELSTRA;RLZ-BX0051;ETTP-2-5-29;deb5582c-2835-3257-bf13-8cfaf0f10873
TELSTRA;RLZ-BX0051;ETTP-1-5-29;81ab0922-f470-38de-a1d5-3a3031d8c2b3
TELSTRA;RLZ-BX0051;ETTP-1-11-29;46147a67-1425-33bf-a847-7c08224a7811
TELSTRA;RLZ-BX0051;ETTP-1-5-29;19b4a7c6-253b-33d3-8289-e7202152b6d9
TELSTRA;RLZ-BX0052;ETTP-2-5-30;deb5582c-2835-3257-bf13-8cfaf0f10873
TELSTRA;RLZ-BX0052;ETTP-1-5-30;81ab0922-f470-38de-a1d5-3a3031d8c2b3
TELSTRA;RLZ-BX0052;ETTP-1-11-30;46147a67-1425-33bf-a847-7c08224a7811
TELSTRA;RLZ-BX0052;ETTP-1-5-30;19b4a7c6-253b-33d3-8289-e7202152b6d9
TELSTRA;RLZ-BX0053;OTUTTP-2-5-31;deb5582c-2835-3257-bf13-8cfaf0f10873
TELSTRA;RLZ-BX0053;OTUTTP-1-5-31;81ab0922-f470-38de-a1d5-3a3031d8c2b3
TELSTRA;RLZ-BX0053;OTUTTP-1-11-31;46147a67-1425-33bf-a847-7c08224a7811
TELSTRA;RLZ-BX0053;OTUTTP-1-5-31;19b4a7c6-253b-33d3-8289-e7202152b6d9
TELSTRA;RLZ-BX0054;ETTP-2-5-32;deb5582c-2835-3257-bf13-8cfaf0f10873
TELSTRA;RLZ-BX0054;ETTP-1-5-32;81ab0922-f470-38de-a1d5-3a3031d8c2b3
TELSTRA;RLZ-BX0054;ETTP-1-11-32;46147a67-1425-33bf-a847-7c08224a7811
TELSTRA;RLZ-BX0054;ETTP-1-5-32;19b4a7c6-253b-33d3-8289-e7202152b6d9
TELSTRA;RLZ-BX0055;ETTP-1-5-33;81ab0922-f470-38de-a1d5-3a3031d8c2b3
TELSTRA;RLZ-BX0055;ETTP-1-5-33;19b4a7c6-253b-33d3-8289-e7202152b6d9
TELSTRA;RLZ-BX0056;ETTP-1-5-35;81ab0922-f470-38de-a1d5-3a3031d8c2b3
TELSTRA;RLZ-BX0056;ETTP-1-5-35;19b4a7c6-253b-33d3-8289-e7202152b6d9
TELSTRA;RLZ-BX0057;ETTP-2-5-33;deb5582c-2835-3257-bf13-8cfaf0f10873
TELSTRA;RLZ-BX0057;ETTP-1-11-33;46147a67-1425-33bf-a847-7c08224a7811
TELSTRA;RLZ-BX0058;ETTP-2-5-35;deb5582c-2835-3257-bf13-8cfaf0f10873
TELSTRA;RLZ-BX0058;ETTP-1-11-35;46147a67-1425-33bf-a847-7c08224a7811
TELSTRA;RLZ-BX0836;ETTP-1-7-19;81ab0922-f470-38de-a1d5-3a3031d8c2b3
TELSTRA;RLZ-BX0836;ETTP-1-7-19;19b4a7c6-253b-33d3-8289-e7202152b6d9
MEGAPORT;RTO-BX0575;ETTP-2-5-17;e8890b7f-a523-364d-887b-100fa1280916
MEGAPORT;RTO-BX0575;ETTP-3-5-17;5752a580-c4e5-3432-a000-a222e23a338b
DTS;SDD-BX0266;ETTP-2-5-32;e8890b7f-a523-364d-887b-100fa1280916
DTS;SDD-BX0266;ETTP-3-5-32;5752a580-c4e5-3432-a000-a222e23a338b
AVAROA CABLE;SKT-BX1011;ETTP-1-1-26;e11613a3-4d79-3b4d-bf2d-1aa6036c47bf
AVAROA CABLE;SKT-BX1011;ETTP-1-1-26;dc13e04e-67b5-334a-8bb1-355d04e66087
AVAROA CABLE;SKT-BX1011;ETTP-1-5-18;cebdf90b-f844-3bed-aca4-5f292d256677
AVAROA CABLE;SKT-BX1011;ETTP-1-12-18;85ee356a-67a8-3471-8301-a1eb7b24e5d3
SONY;SSN-BX0365;ETTP-2-5-38;deb5582c-2835-3257-bf13-8cfaf0f10873
SONY;SSN-BX0365;ETTP-1-5-38;81ab0922-f470-38de-a1d5-3a3031d8c2b3
SONY;SSN-BX0365;ETTP-1-11-38;46147a67-1425-33bf-a847-7c08224a7811
SONY;SSN-BX0365;ETTP-1-5-38;19b4a7c6-253b-33d3-8289-e7202152b6d9
AKAMAI;TCA-BC0981;PORT-3-3;6a1144f4-091f-320f-b309-a331095b5239
AKAMAI;TCA-BC0981;PORT-3-3;48c69ad2-ec88-326b-a2e8-1a4e6dfeb829
APPLE;TMK-BC0030;PORT-3-3;d53ea14e-babf-34ca-856c-f96e3574e920
APPLE;TMK-BC0030;PORT-3-3;b1b43e65-5fab-3e5b-8ab1-ef84cf49a787
APPLE;TMK-BC0030;PORT-3-3;82a96565-4108-3d43-9c4f-8240fae93027
APPLE;TMK-BC0030;PORT-3-3;7989d0e0-8d47-3d62-b4e5-e379c1f286ad
APPLE;TMK-BC1269;PORT-7-13;a26c2a6e-211d-3e64-96b0-02d809d54207
APPLE;TMK-BC1269;PORT-7-13;730bda79-6193-3df0-b4a9-df1e10cd9c12
APPLE;TMK-BC1269;PORT-7-13;1b2c2aa9-aeae-34d2-8bf5-91786deef8fd
APPLE;TMK-BC1269;PORT-7-13;	fb8cfb4c-0faf-3241-a3f3-e5c4fe91b4df
APPLE;TMK-BX1014;ETTP-2-13-37;deb5582c-2835-3257-bf13-8cfaf0f10873
APPLE;TMK-BX1014;ETTP-1-21-37;46147a67-1425-33bf-a847-7c08224a7811
TEST;TTE-BC1202;PORT-1-8;96f6e6c1-441c-33be-ad2a-3fd0cb21ae9b
TEST;TTE-BC1202;PORT-1-8;8232cdea-450b-326e-9ce2-09e5e056e8c2
TEST;TTE-BC1202;PORT-2-4;09135626-dc41-3c19-ba72-a36216587fd8
ONENZ;UBP-BC0018;PORT-3-8;6a1144f4-091f-320f-b309-a331095b5239
ONENZ;UBP-BC0018;PORT-3-8;48c69ad2-ec88-326b-a2e8-1a4e6dfeb829
ONENZ;UBP-BC0019;ETTP-5-10-2;facf7d88-e337-3525-8837-46cadf95d38f
ONENZ;UBP-BC0019;ETTP-4-5-2;deb5582c-2835-3257-bf13-8cfaf0f10873
ONENZ;UBP-BC0019;ETTP-4-3-2;8f46f3d8-554a-3e1f-a48c-6ad1aed40a4f
ONENZ;UBP-BC0019;ETTP-1-10-2;85ee356a-67a8-3471-8301-a1eb7b24e5d3
ONENZ;UBP-BC0025;PORT-3-7;6a1144f4-091f-320f-b309-a331095b5239
ONENZ;UBP-BC0025;PORT-3-7;48c69ad2-ec88-326b-a2e8-1a4e6dfeb829
ONENZ;UBP-BC0026;PORT-2-8;6a1144f4-091f-320f-b309-a331095b5239
ONENZ;UBP-BC0026;PORT-2-8;48c69ad2-ec88-326b-a2e8-1a4e6dfeb829
ONENZ;UBP-BC0027;PORT-2-7;6a1144f4-091f-320f-b309-a331095b5239
ONENZ;UBP-BC0027;PORT-2-7;48c69ad2-ec88-326b-a2e8-1a4e6dfeb829
ONENZ;UBP-BC0458;PORT-1-7;6a1144f4-091f-320f-b309-a331095b5239
ONENZ;UBP-BC0458;PORT-1-7;48c69ad2-ec88-326b-a2e8-1a4e6dfeb829
ONENZ;UBP-BC0464;PORT-1-8;6a1144f4-091f-320f-b309-a331095b5239
ONENZ;UBP-BC0464;PORT-1-8;48c69ad2-ec88-326b-a2e8-1a4e6dfeb829
ONENZ;UBP-BC0779;PORT-1-8;9f23802a-43c9-3e72-830b-e44268b0956e
ONENZ;UBP-BC0779;PORT-1-8;7457410e-2692-3274-a1bf-104ef4bc541a
ONENZ;UBP-BC0779;PORT-2-4;4c6b63e3-e391-39dd-9776-00b7db55a165
ONENZ;UBP-BC1020;PORT-2-3;ea0a34d7-7b2f-30db-a2ed-0ae76046baf9
ONENZ;UBP-BC1020;PORT-2-3;7457410e-2692-3274-a1bf-104ef4bc541a
ONENZ;UBP-BC1020;PORT-3-3;4c6b63e3-e391-39dd-9776-00b7db55a165
ONENZ;UBP-BC1020;PORT-2-3;26800faf-0c71-3e31-85e6-cae01bcf983e
ONENZ;UBP-BC1026;PORT-2-4;ea0a34d7-7b2f-30db-a2ed-0ae76046baf9
ONENZ;UBP-BC1026;PORT-2-4;7457410e-2692-3274-a1bf-104ef4bc541a
ONENZ;UBP-BC1026;PORT-3-4;4c6b63e3-e391-39dd-9776-00b7db55a165
ONENZ;UBP-BC1026;PORT-2-4;26800faf-0c71-3e31-85e6-cae01bcf983e
ONENZ;UBP-BC1032;PORT-2-7;ea0a34d7-7b2f-30db-a2ed-0ae76046baf9
ONENZ;UBP-BC1032;PORT-1-3;d3e2bbd2-14b5-3db0-86d3-24ae8bca2ad0
ONENZ;UBP-BC1032;PORT-2-7;7457410e-2692-3274-a1bf-104ef4bc541a
ONENZ;UBP-BC1032;PORT-2-7;26800faf-0c71-3e31-85e6-cae01bcf983e
ONENZ;UBP-BC1035;PORT-2-8;ea0a34d7-7b2f-30db-a2ed-0ae76046baf9
ONENZ;UBP-BC1035;PORT-1-4;d3e2bbd2-14b5-3db0-86d3-24ae8bca2ad0
ONENZ;UBP-BC1035;PORT-2-8;7457410e-2692-3274-a1bf-104ef4bc541a
ONENZ;UBP-BC1035;PORT-2-8;26800faf-0c71-3e31-85e6-cae01bcf983e
LUMEN;URO-BC0404;PORT-1-4;96f6e6c1-441c-33be-ad2a-3fd0cb21ae9b
LUMEN;URO-BC0404;PORT-1-4;09135626-dc41-3c19-ba72-a36216587fd8
LUMEN;URO-BC0410;PORT-3-5;fb8cfb4c-0faf-3241-a3f3-e5c4fe91b4df
LUMEN;URO-BC0410;PORT-3-5;a26c2a6e-211d-3e64-96b0-02d809d54207
LUMEN;URO-BC1109;PORT-1-3;fb8cfb4c-0faf-3241-a3f3-e5c4fe91b4df
LUMEN;URO-BC1109;PORT-1-3;a26c2a6e-211d-3e64-96b0-02d809d54207
LUMEN;URO-BC1149;PORT-3-11;fb8cfb4c-0faf-3241-a3f3-e5c4fe91b4df
LUMEN;URO-BC1149;PORT-3-11;a26c2a6e-211d-3e64-96b0-02d809d54207
LUMEN;URO-BC1155;PORT-3-12;fb8cfb4c-0faf-3241-a3f3-e5c4fe91b4df
LUMEN;URO-BC1155;PORT-3-12;a26c2a6e-211d-3e64-96b0-02d809d54207
LUMEN;URO-BC1163;PORT-1-4;5ebcdafc-d82c-3220-85a4-67be8ed1b25a
LUMEN;URO-BC1163;PORT-1-4;084c2073-56b2-354e-8eaf-064a3c11f678
LUMEN;URO-BC1199;PORT-3-13;fb8cfb4c-0faf-3241-a3f3-e5c4fe91b4df
LUMEN;URO-BC1199;PORT-3-13;a26c2a6e-211d-3e64-96b0-02d809d54207
PERATON;UXQ-BX0933;PORT-3-3.2;ea0a34d7-7b2f-30db-a2ed-0ae76046baf9
PERATON;UXQ-BX0933;PORT-3-3.2;5ebcdafc-d82c-3220-85a4-67be8ed1b25a
PERATON;UXQ-BX0933;PORT-3-3.2;26800faf-0c71-3e31-85e6-cae01bcf983e
PERATON;UXQ-BX0933;PORT-3-3.2;084c2073-56b2-354e-8eaf-064a3c11f678
TRUSTPOWER;VGZ-BC0080;PORT-1-7;9f23802a-43c9-3e72-830b-e44268b0956e
TRUSTPOWER;VGZ-BC0080;PORT-1-7;7457410e-2692-3274-a1bf-104ef4bc541a
TRUSTPOWER;VGZ-BC0080;PORT-2-3;4c6b63e3-e391-39dd-9776-00b7db55a165
TRUSTPOWER;VGZ-BC1047;PORT-3-5;6a1144f4-091f-320f-b309-a331095b5239
TRUSTPOWER;VGZ-BC1047;PORT-3-5;48c69ad2-ec88-326b-a2e8-1a4e6dfeb829
TRUSTPOWER;VGZ-BC1158;PORT-1-5;6a1144f4-091f-320f-b309-a331095b5239
TRUSTPOWER;VGZ-BC1158;PORT-1-5;48c69ad2-ec88-326b-a2e8-1a4e6dfeb829
ONEWEB;WFB-BX0948;PORT-3-3.4;5ebcdafc-d82c-3220-85a4-67be8ed1b25a
ONEWEB;WFB-BX0948;PORT-3-3.4;084c2073-56b2-354e-8eaf-064a3c11f678
JUMP TRADING;WNQ-BX1065;ETTP-2-5-39;deb5582c-2835-3257-bf13-8cfaf0f10873
JUMP TRADING;WNQ-BX1065;ETTP-1-5-39;81ab0922-f470-38de-a1d5-3a3031d8c2b3
JUMP TRADING;WNQ-BX1065;ETTP-1-11-39;46147a67-1425-33bf-a847-7c08224a7811
JUMP TRADING;WNQ-BX1065;ETTP-1-5-39;19b4a7c6-253b-33d3-8289-e7202152b6d9
SINGTEL;WQP-BC0065;PORT-2-3;96f6e6c1-441c-33be-ad2a-3fd0cb21ae9b
SINGTEL;WQP-BC0065;PORT-2-3;8232cdea-450b-326e-9ce2-09e5e056e8c2
SINGTEL;WQP-BC0065;PORT-3-3;61cf31ca-edba-30fd-920a-6316ad31300b
SINGTEL;WQP-BC0065;PORT-3-3;09135626-dc41-3c19-ba72-a36216587fd8
REANNZ;XUC-BC0413;PORT-1-4;6a1144f4-091f-320f-b309-a331095b5239
REANNZ;XUC-BC0413;PORT-1-4;48c69ad2-ec88-326b-a2e8-1a4e6dfeb829
REANNZ;XUC-BC0419;PORT-1-3;7457410e-2692-3274-a1bf-104ef4bc541a
REANNZ;XUC-BC0419;PORT-1-3;4c6b63e3-e391-39dd-9776-00b7db55a165
REANNZ;XUC-BC0443;PORT-1-3;9f23802a-43c9-3e72-830b-e44268b0956e
REANNZ;XUC-BC0443;PORT-1-7;4c6b63e3-e391-39dd-9776-00b7db55a165
BLIZZARD;ZAQ-BX0476;ETTP-1-7-39;81ab0922-f470-38de-a1d5-3a3031d8c2b3
BLIZZARD;ZAQ-BX0476;ETTP-1-7-39;19b4a7c6-253b-33d3-8289-e7202152b6d9
PELAGIC KIWI;ZZV-BC1237;PORT-3-14;fb8cfb4c-0faf-3241-a3f3-e5c4fe91b4df
PELAGIC KIWI;ZZV-BC1237;PORT-3-14;a26c2a6e-211d-3e64-96b0-02d809d54207
PELAGIC KIWI;ZZV-BC1240;PORT-5-14;fb8cfb4c-0faf-3241-a3f3-e5c4fe91b4df
PELAGIC KIWI;ZZV-BC1240;PORT-5-14;a26c2a6e-211d-3e64-96b0-02d809d54207
PELAGIC KIWI;ZZV-BC1243;PORT-7-14;fb8cfb4c-0faf-3241-a3f3-e5c4fe91b4df
PELAGIC KIWI;ZZV-BC1243;PORT-7-14;a26c2a6e-211d-3e64-96b0-02d809d54207
PELAGIC KIWI;ZZV-BC1246;PORT-1-14;f54680f8-cfb3-3952-89f8-732507078683
PELAGIC KIWI;ZZV-BC1246;PORT-1-14;40ebde54-e9eb-338d-a818-2916065b20af
PELAGIC KIWI;ZZV-BC1249;PORT-5-14;730bda79-6193-3df0-b4a9-df1e10cd9c12
PELAGIC KIWI;ZZV-BC1249;PORT-5-14;1b2c2aa9-aeae-34d2-8bf5-91786deef8fd
PELAGIC KIWI;ZZV-BC1252;PORT-1-14;fa5fd6b1-dcbe-37b6-a3f9-3bb115f1b3cf
PELAGIC KIWI;ZZV-BC1252;PORT-1-14;708f165b-23f0-3cad-9215-9f3a9f6a415e
PELAGIC KIWI;ZZV-BC1255;PORT-1-14;aae80b31-5728-3c42-9515-eb4488df7433
PELAGIC KIWI;ZZV-BC1255;PORT-1-14;3ca1f70a-f6ec-36ba-a9e6-5ef5c1664d5d
PELAGIC KIWI;ZZV-BC1263;PORT-7-14;730bda79-6193-3df0-b4a9-df1e10cd9c12
PELAGIC KIWI;ZZV-BC1263;PORT-7-14;1b2c2aa9-aeae-34d2-8bf5-91786deef8fd
