date_time_p;serviceid_p;pmsource_p;nodeid_p;pecin_p;pecout_p;sesin_p;sesout_p;esin_p;esout_p
2024-10-06 19:00:00;BOP-BC0957;AUSY:PORT-3-7;96f6e6c1-441c-33be-ad2a-3fd0cb21ae9b;0;0;0;0;Degraded Service;0
2024-10-06 19:00:00;BOP-BC0957;HIKA:PORT-2-7;541744af-5005-3f00-8c34-129adfa1ea40;Degraded Service;0;0;0;0;0
2024-10-06 19:00:00;BOP-BC0957;USFB:PORT-1-7;37f1c72f-fbb7-3f8e-9631-48f0dcca6a65;0;Degraded Service;0;0;0;0
2024-10-06 19:00:00;JMV-BC1222;HIKA:PORT-1-5;40ebde54-e9eb-338d-a818-2916065b20af;0;Degraded Service;0;0;0;0
2024-10-06 19:00:00;JMV-BC1222;HIKA:PORT-1-5;fa5fd6b1-dcbe-37b6-a3f9-3bb115f1b3cf;Degraded Service;0;0;0;0;0
2024-10-06 19:00:00;JMV-BC1222;NZMA:PORT-1-5;708f165b-23f0-3cad-9215-9f3a9f6a415e;0;Degraded Service;0;0;0;0
2024-10-06 19:00:00;ZZV-BC1252;HIKA:PORT-1-14;fa5fd6b1-dcbe-37b6-a3f9-3bb115f1b3cf;Degraded Service;Degraded Service;0;0;0;0
2024-10-06 19:00:00;ZZV-BC1252;NZMA:PORT-1-14;708f165b-23f0-3cad-9215-9f3a9f6a415e;Degraded Service;Degraded Service;0;0;0;0
2024-10-06 19:00:00;IOA-BX0539;ASGO:ETTP-1-1-21;dc13e04e-67b5-334a-8bb1-355d04e66087;0;Degraded Service;0;0;0;Degraded Service
2024-10-06 19:00:00;OMA-BX1080;ASGO:ETTP-1-1-25;dc13e04e-67b5-334a-8bb1-355d04e66087;Degraded Service;0;0;0;Degraded Service;0
2024-10-06 19:00:00;IOA-BX0539;ASTA:ETTP-1-1-21;e11613a3-4d79-3b4d-bf2d-1aa6036c47bf;Degraded Service;0;0;0;Degraded Service;0
2024-10-06 19:00:00;OMA-BX1080;ASTA:ETTP-1-1-25;e11613a3-4d79-3b4d-bf2d-1aa6036c47bf;0;Degraded Service;0;0;0;Degraded Service
2024-10-06 19:00:00;IOA-BX0539;HIKA:ETTP-2-13-33;deb5582c-2835-3257-bf13-8cfaf0f10873;Degraded Service;0;0;0;Degraded Service;0
2024-10-06 19:00:00;OMA-BX0045;HIKA:ETTP-2-7-27;deb5582c-2835-3257-bf13-8cfaf0f10873;0;Degraded Service;0;0;0;Degraded Service
2024-10-06 19:00:00;OMA-BX0045;USFB:ETTP-1-13-27;46147a67-1425-33bf-a847-7c08224a7811;Degraded Service;0;0;0;Degraded Service;0
2024-10-06 19:00:00;IOA-BX0539;USFB:ETTP-1-21-33;46147a67-1425-33bf-a847-7c08224a7811;0;Degraded Service;0;0;0;Degraded Service
2024-10-06 19:15:00;OMA-BX0037;HIKA:ETTP-2-7-18;deb5582c-2835-3257-bf13-8cfaf0f10873;Degraded Service;0;0;0;Degraded Service;0
2024-10-06 19:15:00;OMA-BX0037;USFB:ETTP-1-13-18;46147a67-1425-33bf-a847-7c08224a7811;0;Degraded Service;0;0;0;Degraded Service
2024-10-06 19:45:00;GLE-BC0680;HIKA:PORT-1-3;e5e79ebf-c02f-3968-8113-54f6d67cf357;0;Degraded Service;0;0;0;0
2024-10-06 19:45:00;GLE-BC0680;USFB:PORT-1-3;c95ad048-5a45-3934-9ce4-ef778e516355;0;Degraded Service;0;0;0;0
2024-10-06 19:45:00;GLE-BC0689;HIKA:PORT-1-5;e5e79ebf-c02f-3968-8113-54f6d67cf357;0;Degraded Service;0;0;0;0
2024-10-06 19:45:00;GLE-BC0689;USFB:PORT-1-5;c95ad048-5a45-3934-9ce4-ef778e516355;0;Degraded Service;0;0;0;0
2024-10-06 19:45:00;GLE-BC0692;HIKA:PORT-1-6;e5e79ebf-c02f-3968-8113-54f6d67cf357;0;Degraded Service;0;0;0;0
2024-10-06 19:45:00;GLE-BC0692;USFB:PORT-1-6;c95ad048-5a45-3934-9ce4-ef778e516355;0;Degraded Service;0;0;0;0
2024-10-06 19:45:00;GLE-BC0704;HIKA:PORT-1-12;e5e79ebf-c02f-3968-8113-54f6d67cf357;0;Degraded Service;0;0;0;0
2024-10-06 19:45:00;GLE-BC0704;USFB:PORT-1-12;c95ad048-5a45-3934-9ce4-ef778e516355;0;Degraded Service;0;0;0;0
2024-10-06 19:45:00;GLE-BC0746;HIKA:PORT-5-6;e5e79ebf-c02f-3968-8113-54f6d67cf357;0;Degraded Service;0;0;0;0
2024-10-06 19:45:00;GLE-BC0746;USFB:PORT-5-6;c95ad048-5a45-3934-9ce4-ef778e516355;0;Degraded Service;0;0;0;0
2024-10-06 19:45:00;GLE-BC0749;HIKA:PORT-5-7;e5e79ebf-c02f-3968-8113-54f6d67cf357;0;Degraded Service;0;0;0;0
2024-10-06 19:45:00;GLE-BC0749;USFB:PORT-5-7;c95ad048-5a45-3934-9ce4-ef778e516355;0;Degraded Service;0;0;0;0
2024-10-06 22:15:00;GLE-BC0686;HIKA:PORT-1-4;e5e79ebf-c02f-3968-8113-54f6d67cf357;0;Degraded Service;0;0;0;0
2024-10-06 22:15:00;GLE-BC0686;USFB:PORT-1-4;c95ad048-5a45-3934-9ce4-ef778e516355;0;Degraded Service;0;0;0;0
2024-10-06 22:15:00;GLE-BC0710;HIKA:PORT-1-14;e5e79ebf-c02f-3968-8113-54f6d67cf357;0;Degraded Service;0;0;0;0
2024-10-06 22:15:00;GLE-BC0710;USFB:PORT-1-14;c95ad048-5a45-3934-9ce4-ef778e516355;0;Degraded Service;0;0;0;0
2024-10-06 22:15:00;GLE-BC0728;HIKA:PORT-3-12;e5e79ebf-c02f-3968-8113-54f6d67cf357;0;Degraded Service;0;0;0;0
2024-10-06 22:15:00;GLE-BC0728;USFB:PORT-3-12;c95ad048-5a45-3934-9ce4-ef778e516355;0;Degraded Service;0;0;0;0
2024-10-06 22:15:00;GLE-BC0737;HIKA:PORT-5-3;e5e79ebf-c02f-3968-8113-54f6d67cf357;0;Degraded Service;0;0;0;0
2024-10-06 22:15:00;GLE-BC0737;USFB:PORT-5-3;c95ad048-5a45-3934-9ce4-ef778e516355;0;Degraded Service;0;0;0;0
2024-10-06 22:15:00;GLE-BC0740;HIKA:PORT-5-4;e5e79ebf-c02f-3968-8113-54f6d67cf357;0;Degraded Service;0;0;0;0
2024-10-06 22:15:00;GLE-BC0740;USFB:PORT-5-4;c95ad048-5a45-3934-9ce4-ef778e516355;0;Degraded Service;0;0;0;0
2024-10-06 22:15:00;GLE-BC0755;HIKA:PORT-5-12;e5e79ebf-c02f-3968-8113-54f6d67cf357;0;Degraded Service;0;0;0;0
2024-10-06 22:15:00;GLE-BC0755;USFB:PORT-5-12;c95ad048-5a45-3934-9ce4-ef778e516355;0;Degraded Service;0;0;0;0
2024-10-06 23:30:00;DEC-BC0067;USFB:PORT-1-4;424dafe6-3c80-390b-a920-91ce1225f5e9;0;Degraded Service;0;0;0;0
2024-10-07 01:15:00;GLE-BC0707;HIKA:PORT-1-13;e5e79ebf-c02f-3968-8113-54f6d67cf357;0;Degraded Service;0;0;0;0
2024-10-07 01:15:00;GLE-BC0707;USFB:PORT-1-13;c95ad048-5a45-3934-9ce4-ef778e516355;0;Degraded Service;0;0;0;0
2024-10-07 01:15:00;GLE-BC0716;HIKA:PORT-3-4;e5e79ebf-c02f-3968-8113-54f6d67cf357;0;Degraded Service;0;0;0;0
2024-10-07 01:15:00;GLE-BC0716;USFB:PORT-3-4;c95ad048-5a45-3934-9ce4-ef778e516355;0;Degraded Service;0;0;0;0
2024-10-07 01:15:00;GLE-BC0719;HIKA:PORT-3-5;e5e79ebf-c02f-3968-8113-54f6d67cf357;0;Degraded Service;0;0;0;0
2024-10-07 01:15:00;GLE-BC0719;USFB:PORT-3-5;c95ad048-5a45-3934-9ce4-ef778e516355;0;Degraded Service;0;0;0;0
2024-10-07 01:15:00;GLE-BC0722;HIKA:PORT-3-6;e5e79ebf-c02f-3968-8113-54f6d67cf357;0;Degraded Service;0;0;0;0
2024-10-07 01:15:00;GLE-BC0722;USFB:PORT-3-6;c95ad048-5a45-3934-9ce4-ef778e516355;0;Degraded Service;0;0;0;0
2024-10-07 01:15:00;GLE-BC0725;HIKA:PORT-3-11;e5e79ebf-c02f-3968-8113-54f6d67cf357;0;Degraded Service;0;0;0;0
2024-10-07 01:15:00;GLE-BC0725;USFB:PORT-3-11;c95ad048-5a45-3934-9ce4-ef778e516355;0;Degraded Service;0;0;0;0
2024-10-07 01:15:00;GLE-BC0743;HIKA:PORT-5-5;e5e79ebf-c02f-3968-8113-54f6d67cf357;0;Degraded Service;0;0;0;0
2024-10-07 01:15:00;GLE-BC0743;USFB:PORT-5-5;c95ad048-5a45-3934-9ce4-ef778e516355;0;Degraded Service;0;0;0;0
2024-10-07 03:45:00;JMV-BC1222;HIKA:PORT-1-5;40ebde54-e9eb-338d-a818-2916065b20af;Degraded Service;Degraded Service;0;0;0;0
2024-10-07 03:45:00;JMV-BC1222;NZMA:PORT-1-5;708f165b-23f0-3cad-9215-9f3a9f6a415e;Degraded Service;Degraded Service;0;0;0;0
2024-10-07 05:00:00;DEC-BC0884;USFB:PORT-3-5;424dafe6-3c80-390b-a920-91ce1225f5e9;0;Degraded Service;0;0;0;0
2024-10-07 13:45:00;DEC-BC0890;HIKA:PORT-3-6;5ff56004-538d-3233-9482-70fb10b89383;0;Degraded Service;0;0;0;0
2024-10-07 13:45:00;DEC-BC0890;USFB:PORT-3-6;424dafe6-3c80-390b-a920-91ce1225f5e9;0;Degraded Service;0;0;0;0
2024-10-07 17:45:00;RLZ-BX0051;AUSY:ETTP-1-5-29;81ab0922-f470-38de-a1d5-3a3031d8c2b3;0;0;0;0;0;Degraded Service
2024-10-07 17:45:00;RLZ-BX0052;AUSY:ETTP-1-5-30;81ab0922-f470-38de-a1d5-3a3031d8c2b3;0;0;0;0;0;Degraded Service
2024-10-07 17:45:00;RLZ-BX0055;AUSY:ETTP-1-5-33;81ab0922-f470-38de-a1d5-3a3031d8c2b3;0;0;Degraded Service;Degraded Service;Degraded Service;Degraded Service
2024-10-07 17:45:00;RLZ-BX0836;AUSY:ETTP-1-7-19;81ab0922-f470-38de-a1d5-3a3031d8c2b3;0;Degraded Service;Degraded Service;Degraded Service;Degraded Service;Degraded Service
2024-10-07 17:45:00;RLZ-BX0051;HIKA:ETTP-1-5-29;19b4a7c6-253b-33d3-8289-e7202152b6d9;0;0;Degraded Service;Degraded Service;Degraded Service;0
2024-10-07 17:45:00;RLZ-BX0052;HIKA:ETTP-1-5-30;19b4a7c6-253b-33d3-8289-e7202152b6d9;0;0;Degraded Service;Degraded Service;Degraded Service;0
2024-10-07 17:45:00;RLZ-BX0055;HIKA:ETTP-1-5-33;19b4a7c6-253b-33d3-8289-e7202152b6d9;0;0;Degraded Service;Degraded Service;Degraded Service;Degraded Service
2024-10-07 17:45:00;RLZ-BX0836;HIKA:ETTP-1-7-19;19b4a7c6-253b-33d3-8289-e7202152b6d9;Degraded Service;0;Degraded Service;Degraded Service;Degraded Service;Degraded Service
2024-10-07 17:45:00;RLZ-BX0051;HIKA:ETTP-2-5-29;deb5582c-2835-3257-bf13-8cfaf0f10873;0;0;0;0;0;Degraded Service
2024-10-07 17:45:00;RLZ-BX0052;HIKA:ETTP-2-5-30;deb5582c-2835-3257-bf13-8cfaf0f10873;0;0;0;0;0;Degraded Service
2024-10-07 17:45:00;RLZ-BX0051;USFB:ETTP-1-11-29;46147a67-1425-33bf-a847-7c08224a7811;0;0;Degraded Service;Degraded Service;Degraded Service;0
2024-10-07 17:45:00;RLZ-BX0052;USFB:ETTP-1-11-30;46147a67-1425-33bf-a847-7c08224a7811;0;0;Degraded Service;Degraded Service;Degraded Service;0
2024-10-07 18:00:00;RLZ-BX0836;AUSY:ETTP-1-7-19;81ab0922-f470-38de-a1d5-3a3031d8c2b3;0;Degraded Service;Service Down;Service Down;Degraded Service;Degraded Service
2024-10-07 18:00:00;RLZ-BX0836;HIKA:ETTP-1-7-19;19b4a7c6-253b-33d3-8289-e7202152b6d9;Degraded Service;0;Service Down;Service Down;Degraded Service;Degraded Service
2024-10-07 18:15:00;MVY-BX0969;AUSY:ETTP-1-7-20;81ab0922-f470-38de-a1d5-3a3031d8c2b3;Degraded Service;0;0;0;0;0
2024-10-07 18:15:00;MVY-BX0969;HIKA:ETTP-1-7-20;19b4a7c6-253b-33d3-8289-e7202152b6d9;0;Degraded Service;0;0;0;0
2024-10-07 18:15:00;MVY-BX0969;HIKA:ETTP-2-13-20;deb5582c-2835-3257-bf13-8cfaf0f10873;Degraded Service;0;0;0;0;0
2024-10-07 18:15:00;MVY-BX0969;USFB:ETTP-1-21-20;46147a67-1425-33bf-a847-7c08224a7811;0;Degraded Service;0;0;0;0
2024-10-07 19:30:00;GLE-BC0680;AUSY:PORT-1-3;537520e5-0677-3bca-8305-5a9346d1a81f;Degraded Service;Degraded Service;0;0;0;0
2024-10-07 19:30:00;GLE-BC0680;HIKA:PORT-1-3;846a84d8-116e-3380-af59-45716638fb29;Degraded Service;Degraded Service;0;0;0;0
2024-10-07 19:30:00;GLE-BC0680;HIKA:PORT-1-3;e5e79ebf-c02f-3968-8113-54f6d67cf357;Degraded Service;Degraded Service;0;0;0;0
2024-10-07 19:30:00;GLE-BC0680;USFB:PORT-1-3;c95ad048-5a45-3934-9ce4-ef778e516355;Degraded Service;Degraded Service;0;0;0;0
2024-10-07 19:30:00;GLE-BC0686;AUSY:PORT-1-4;537520e5-0677-3bca-8305-5a9346d1a81f;Degraded Service;Degraded Service;0;0;0;0
2024-10-07 19:30:00;GLE-BC0686;HIKA:PORT-1-4;846a84d8-116e-3380-af59-45716638fb29;Degraded Service;Degraded Service;0;0;0;0
2024-10-07 19:30:00;GLE-BC0686;HIKA:PORT-1-4;e5e79ebf-c02f-3968-8113-54f6d67cf357;Degraded Service;Degraded Service;0;0;0;0
2024-10-07 19:30:00;GLE-BC0686;USFB:PORT-1-4;c95ad048-5a45-3934-9ce4-ef778e516355;Degraded Service;Degraded Service;0;0;0;0
2024-10-07 19:30:00;GLE-BC0689;AUSY:PORT-1-5;537520e5-0677-3bca-8305-5a9346d1a81f;Degraded Service;Degraded Service;0;0;0;0
2024-10-07 19:30:00;GLE-BC0689;HIKA:PORT-1-5;846a84d8-116e-3380-af59-45716638fb29;Degraded Service;Degraded Service;0;0;0;0
2024-10-07 19:30:00;GLE-BC0689;HIKA:PORT-1-5;e5e79ebf-c02f-3968-8113-54f6d67cf357;Degraded Service;Degraded Service;0;0;0;0
2024-10-07 19:30:00;GLE-BC0689;USFB:PORT-1-5;c95ad048-5a45-3934-9ce4-ef778e516355;Degraded Service;Degraded Service;0;0;0;0
2024-10-07 19:30:00;GLE-BC0692;AUSY:PORT-1-6;537520e5-0677-3bca-8305-5a9346d1a81f;Degraded Service;Degraded Service;0;0;0;0
2024-10-07 19:30:00;GLE-BC0692;HIKA:PORT-1-6;846a84d8-116e-3380-af59-45716638fb29;Degraded Service;Degraded Service;0;0;0;0
2024-10-07 19:30:00;GLE-BC0692;HIKA:PORT-1-6;e5e79ebf-c02f-3968-8113-54f6d67cf357;Degraded Service;Degraded Service;0;0;0;0
2024-10-07 19:30:00;GLE-BC0692;USFB:PORT-1-6;c95ad048-5a45-3934-9ce4-ef778e516355;Degraded Service;Degraded Service;0;0;0;0
2024-10-07 19:30:00;GLE-BC0698;AUSY:PORT-1-7;537520e5-0677-3bca-8305-5a9346d1a81f;0;Degraded Service;0;0;0;0
2024-10-07 19:30:00;GLE-BC0698;HIKA:PORT-1-7;846a84d8-116e-3380-af59-45716638fb29;0;Degraded Service;0;0;0;0
2024-10-07 19:30:00;GLE-BC0698;HIKA:PORT-1-7;e5e79ebf-c02f-3968-8113-54f6d67cf357;Degraded Service;0;0;0;0;0
2024-10-07 19:30:00;GLE-BC0698;USFB:PORT-1-7;c95ad048-5a45-3934-9ce4-ef778e516355;Degraded Service;0;0;0;0;0
2024-10-07 19:30:00;GLE-BC0701;AUSY:PORT-1-11;537520e5-0677-3bca-8305-5a9346d1a81f;Degraded Service;Degraded Service;0;0;0;0
2024-10-07 19:30:00;GLE-BC0701;HIKA:PORT-1-11;846a84d8-116e-3380-af59-45716638fb29;Degraded Service;Degraded Service;0;0;0;0
2024-10-07 19:30:00;GLE-BC0701;HIKA:PORT-1-11;e5e79ebf-c02f-3968-8113-54f6d67cf357;Degraded Service;Degraded Service;0;0;0;0
2024-10-07 19:30:00;GLE-BC0701;USFB:PORT-1-11;c95ad048-5a45-3934-9ce4-ef778e516355;Degraded Service;Degraded Service;0;0;0;0
2024-10-07 19:30:00;GLE-BC0704;AUSY:PORT-1-12;537520e5-0677-3bca-8305-5a9346d1a81f;Degraded Service;Degraded Service;0;0;0;0
2024-10-07 19:30:00;GLE-BC0704;HIKA:PORT-1-12;846a84d8-116e-3380-af59-45716638fb29;Degraded Service;Degraded Service;0;0;0;0
2024-10-07 19:30:00;GLE-BC0707;AUSY:PORT-1-13;537520e5-0677-3bca-8305-5a9346d1a81f;Degraded Service;Degraded Service;0;0;0;0
2024-10-07 19:30:00;GLE-BC0707;HIKA:PORT-1-13;846a84d8-116e-3380-af59-45716638fb29;Degraded Service;Degraded Service;0;0;0;0
2024-10-07 19:30:00;GLE-BC0707;HIKA:PORT-1-13;e5e79ebf-c02f-3968-8113-54f6d67cf357;Degraded Service;Degraded Service;0;0;0;0
2024-10-07 19:30:00;GLE-BC0707;USFB:PORT-1-13;c95ad048-5a45-3934-9ce4-ef778e516355;Degraded Service;Degraded Service;0;0;0;0
2024-10-07 19:30:00;GLE-BC0710;AUSY:PORT-1-14;537520e5-0677-3bca-8305-5a9346d1a81f;0;Degraded Service;0;0;0;0
2024-10-07 19:30:00;GLE-BC0710;HIKA:PORT-1-14;846a84d8-116e-3380-af59-45716638fb29;0;Degraded Service;0;0;0;0
2024-10-07 19:30:00;GLE-BC0710;HIKA:PORT-1-14;e5e79ebf-c02f-3968-8113-54f6d67cf357;Degraded Service;0;0;0;0;0
2024-10-07 19:30:00;GLE-BC0710;USFB:PORT-1-14;c95ad048-5a45-3934-9ce4-ef778e516355;Degraded Service;0;0;0;0;0
2024-10-07 19:30:00;GLE-BC0713;AUSY:PORT-3-3;537520e5-0677-3bca-8305-5a9346d1a81f;Degraded Service;Degraded Service;0;0;0;0
2024-10-07 19:30:00;GLE-BC0713;HIKA:PORT-3-3;846a84d8-116e-3380-af59-45716638fb29;Degraded Service;Degraded Service;0;0;0;0
2024-10-07 19:30:00;GLE-BC0713;HIKA:PORT-3-3;e5e79ebf-c02f-3968-8113-54f6d67cf357;Degraded Service;Degraded Service;0;0;0;0
2024-10-07 19:30:00;GLE-BC0713;USFB:PORT-3-3;c95ad048-5a45-3934-9ce4-ef778e516355;Degraded Service;Degraded Service;0;0;0;0
2024-10-07 19:30:00;GLE-BC0716;AUSY:PORT-3-4;537520e5-0677-3bca-8305-5a9346d1a81f;Degraded Service;Degraded Service;0;0;0;0
2024-10-07 19:30:00;GLE-BC0716;HIKA:PORT-3-4;846a84d8-116e-3380-af59-45716638fb29;Degraded Service;Degraded Service;0;0;0;0
2024-10-07 19:30:00;GLE-BC0716;HIKA:PORT-3-4;e5e79ebf-c02f-3968-8113-54f6d67cf357;Degraded Service;Degraded Service;0;0;0;0
2024-10-07 19:30:00;GLE-BC0716;USFB:PORT-3-4;c95ad048-5a45-3934-9ce4-ef778e516355;Degraded Service;Degraded Service;0;0;0;0
2024-10-07 19:30:00;GLE-BC0719;AUSY:PORT-3-5;537520e5-0677-3bca-8305-5a9346d1a81f;Degraded Service;Degraded Service;0;0;0;0
2024-10-07 19:30:00;GLE-BC0719;HIKA:PORT-3-5;846a84d8-116e-3380-af59-45716638fb29;Degraded Service;Degraded Service;0;0;0;0
2024-10-07 19:30:00;GLE-BC0719;HIKA:PORT-3-5;e5e79ebf-c02f-3968-8113-54f6d67cf357;Degraded Service;Degraded Service;0;0;0;0
2024-10-07 19:30:00;GLE-BC0719;USFB:PORT-3-5;c95ad048-5a45-3934-9ce4-ef778e516355;Degraded Service;Degraded Service;0;0;0;0
2024-10-07 19:30:00;GLE-BC0722;AUSY:PORT-3-6;537520e5-0677-3bca-8305-5a9346d1a81f;Degraded Service;Degraded Service;0;0;0;0
2024-10-07 19:30:00;GLE-BC0722;HIKA:PORT-3-6;846a84d8-116e-3380-af59-45716638fb29;Degraded Service;Degraded Service;0;0;0;0
2024-10-07 19:30:00;GLE-BC0722;HIKA:PORT-3-6;e5e79ebf-c02f-3968-8113-54f6d67cf357;Degraded Service;Degraded Service;0;0;0;0
2024-10-07 19:30:00;GLE-BC0722;USFB:PORT-3-6;c95ad048-5a45-3934-9ce4-ef778e516355;Degraded Service;Degraded Service;0;0;0;0
2024-10-07 19:30:00;GLE-BC0725;AUSY:PORT-3-11;537520e5-0677-3bca-8305-5a9346d1a81f;Degraded Service;Degraded Service;0;0;0;0
2024-10-07 19:30:00;GLE-BC0725;HIKA:PORT-3-11;846a84d8-116e-3380-af59-45716638fb29;Degraded Service;Degraded Service;0;0;0;0
2024-10-07 19:30:00;GLE-BC0725;HIKA:PORT-3-11;e5e79ebf-c02f-3968-8113-54f6d67cf357;Degraded Service;Degraded Service;0;0;0;0
2024-10-07 19:30:00;GLE-BC0725;USFB:PORT-3-11;c95ad048-5a45-3934-9ce4-ef778e516355;Degraded Service;Degraded Service;0;0;0;0
2024-10-07 19:30:00;GLE-BC0728;AUSY:PORT-3-12;537520e5-0677-3bca-8305-5a9346d1a81f;Degraded Service;Degraded Service;0;0;0;0
2024-10-07 19:30:00;GLE-BC0728;HIKA:PORT-3-12;846a84d8-116e-3380-af59-45716638fb29;Degraded Service;Degraded Service;0;0;0;0
2024-10-07 19:30:00;GLE-BC0728;HIKA:PORT-3-12;e5e79ebf-c02f-3968-8113-54f6d67cf357;Degraded Service;Degraded Service;0;0;0;0
2024-10-07 19:30:00;GLE-BC0728;USFB:PORT-3-12;c95ad048-5a45-3934-9ce4-ef778e516355;Degraded Service;Degraded Service;0;0;0;0
2024-10-07 19:30:00;GLE-BC0731;AUSY:PORT-3-13;537520e5-0677-3bca-8305-5a9346d1a81f;Degraded Service;Degraded Service;0;0;0;0
2024-10-07 19:30:00;GLE-BC0731;HIKA:PORT-3-13;846a84d8-116e-3380-af59-45716638fb29;Degraded Service;Degraded Service;0;0;0;0
2024-10-07 19:30:00;GLE-BC0731;HIKA:PORT-3-13;e5e79ebf-c02f-3968-8113-54f6d67cf357;Degraded Service;Degraded Service;0;0;0;0
2024-10-07 19:30:00;GLE-BC0731;USFB:PORT-3-13;c95ad048-5a45-3934-9ce4-ef778e516355;Degraded Service;Degraded Service;0;0;0;0
2024-10-07 19:30:00;GLE-BC0734;AUSY:PORT-3-14;537520e5-0677-3bca-8305-5a9346d1a81f;Degraded Service;Degraded Service;0;0;0;0
2024-10-07 19:30:00;GLE-BC0734;HIKA:PORT-3-14;846a84d8-116e-3380-af59-45716638fb29;Degraded Service;Degraded Service;0;0;0;0
2024-10-07 19:30:00;GLE-BC0734;HIKA:PORT-3-14;e5e79ebf-c02f-3968-8113-54f6d67cf357;Degraded Service;Degraded Service;0;0;0;0
2024-10-07 19:30:00;GLE-BC0734;USFB:PORT-3-14;c95ad048-5a45-3934-9ce4-ef778e516355;Degraded Service;Degraded Service;0;0;0;0
2024-10-07 19:30:00;GLE-BC0737;AUSY:PORT-5-3;537520e5-0677-3bca-8305-5a9346d1a81f;Degraded Service;Degraded Service;0;0;0;0
2024-10-07 19:30:00;GLE-BC0737;HIKA:PORT-5-3;846a84d8-116e-3380-af59-45716638fb29;Degraded Service;Degraded Service;0;0;0;0
2024-10-07 19:30:00;GLE-BC0737;HIKA:PORT-5-3;e5e79ebf-c02f-3968-8113-54f6d67cf357;Degraded Service;Degraded Service;0;0;0;0
2024-10-07 19:30:00;GLE-BC0737;USFB:PORT-5-3;c95ad048-5a45-3934-9ce4-ef778e516355;Degraded Service;Degraded Service;0;0;0;0
2024-10-07 19:30:00;GLE-BC0740;AUSY:PORT-5-4;537520e5-0677-3bca-8305-5a9346d1a81f;Degraded Service;Degraded Service;0;0;0;0
2024-10-07 19:30:00;GLE-BC0740;HIKA:PORT-5-4;846a84d8-116e-3380-af59-45716638fb29;Degraded Service;Degraded Service;0;0;0;0
2024-10-07 19:30:00;GLE-BC0743;AUSY:PORT-5-5;537520e5-0677-3bca-8305-5a9346d1a81f;Degraded Service;Degraded Service;0;0;0;0
2024-10-07 19:30:00;GLE-BC0743;HIKA:PORT-5-5;846a84d8-116e-3380-af59-45716638fb29;Degraded Service;Degraded Service;0;0;0;0
2024-10-07 19:30:00;GLE-BC0743;HIKA:PORT-5-5;e5e79ebf-c02f-3968-8113-54f6d67cf357;Degraded Service;Degraded Service;0;0;0;0
2024-10-07 19:30:00;GLE-BC0743;USFB:PORT-5-5;c95ad048-5a45-3934-9ce4-ef778e516355;Degraded Service;Degraded Service;0;0;0;0
2024-10-07 19:30:00;GLE-BC0746;AUSY:PORT-5-6;537520e5-0677-3bca-8305-5a9346d1a81f;Degraded Service;Degraded Service;0;0;0;0
2024-10-07 19:30:00;GLE-BC0746;HIKA:PORT-5-6;846a84d8-116e-3380-af59-45716638fb29;Degraded Service;Degraded Service;0;0;0;0
2024-10-07 19:30:00;GLE-BC0746;HIKA:PORT-5-6;e5e79ebf-c02f-3968-8113-54f6d67cf357;Degraded Service;Degraded Service;0;0;0;0
2024-10-07 19:30:00;GLE-BC0746;USFB:PORT-5-6;c95ad048-5a45-3934-9ce4-ef778e516355;Degraded Service;Degraded Service;0;0;0;0
2024-10-07 19:30:00;GLE-BC0749;AUSY:PORT-5-7;537520e5-0677-3bca-8305-5a9346d1a81f;0;Degraded Service;0;0;0;0
2024-10-07 19:30:00;GLE-BC0749;HIKA:PORT-5-7;846a84d8-116e-3380-af59-45716638fb29;0;Degraded Service;0;0;0;0
2024-10-07 19:30:00;GLE-BC0749;HIKA:PORT-5-7;e5e79ebf-c02f-3968-8113-54f6d67cf357;Degraded Service;0;0;0;0;0
2024-10-07 19:30:00;GLE-BC0749;USFB:PORT-5-7;c95ad048-5a45-3934-9ce4-ef778e516355;Degraded Service;0;0;0;0;0
2024-10-07 19:30:00;GLE-BC0752;AUSY:PORT-5-11;537520e5-0677-3bca-8305-5a9346d1a81f;Degraded Service;Degraded Service;0;0;0;0
2024-10-07 19:30:00;GLE-BC0752;HIKA:PORT-5-11;846a84d8-116e-3380-af59-45716638fb29;Degraded Service;Degraded Service;0;0;0;0
2024-10-07 19:30:00;GLE-BC0752;HIKA:PORT-5-11;e5e79ebf-c02f-3968-8113-54f6d67cf357;Degraded Service;Degraded Service;0;0;0;0
2024-10-07 19:30:00;GLE-BC0752;USFB:PORT-5-11;c95ad048-5a45-3934-9ce4-ef778e516355;Degraded Service;Degraded Service;0;0;0;0
2024-10-07 19:30:00;GLE-BC0755;AUSY:PORT-5-12;537520e5-0677-3bca-8305-5a9346d1a81f;0;Degraded Service;0;0;0;0
2024-10-07 19:30:00;GLE-BC0755;HIKA:PORT-5-12;846a84d8-116e-3380-af59-45716638fb29;0;Degraded Service;0;0;0;0
2024-10-07 19:30:00;GLE-BC0755;HIKA:PORT-5-12;e5e79ebf-c02f-3968-8113-54f6d67cf357;Degraded Service;0;0;0;0;0
2024-10-07 19:30:00;GLE-BC0755;USFB:PORT-5-12;c95ad048-5a45-3934-9ce4-ef778e516355;Degraded Service;0;0;0;0;0
2024-10-07 19:30:00;GLE-BC0758;AUSY:PORT-5-13;537520e5-0677-3bca-8305-5a9346d1a81f;Degraded Service;Degraded Service;0;0;0;0
2024-10-07 19:30:00;GLE-BC0758;HIKA:PORT-5-13;846a84d8-116e-3380-af59-45716638fb29;Degraded Service;Degraded Service;0;0;0;0
2024-10-07 19:30:00;GLE-BC0761;AUSY:PORT-5-14;537520e5-0677-3bca-8305-5a9346d1a81f;Degraded Service;Degraded Service;0;0;0;0
2024-10-07 19:30:00;GLE-BC0761;HIKA:PORT-5-14;846a84d8-116e-3380-af59-45716638fb29;Degraded Service;Degraded Service;0;0;0;0
2024-10-07 19:30:00;GLE-BC0764;AUSY:PORT-7-3;537520e5-0677-3bca-8305-5a9346d1a81f;Degraded Service;Degraded Service;0;0;0;0
2024-10-07 19:30:00;GLE-BC0764;HIKA:PORT-7-3;846a84d8-116e-3380-af59-45716638fb29;Degraded Service;Degraded Service;0;0;0;0
2024-10-07 19:30:00;GLE-BC0764;HIKA:PORT-7-3;e5e79ebf-c02f-3968-8113-54f6d67cf357;Degraded Service;Degraded Service;0;0;0;0
2024-10-07 19:30:00;GLE-BC0764;USFB:PORT-7-3;c95ad048-5a45-3934-9ce4-ef778e516355;Degraded Service;Degraded Service;0;0;0;0
2024-10-07 19:30:00;GLE-BC0767;AUSY:PORT-7-4;537520e5-0677-3bca-8305-5a9346d1a81f;Degraded Service;Degraded Service;0;0;0;0
2024-10-07 19:30:00;GLE-BC0767;HIKA:PORT-7-4;846a84d8-116e-3380-af59-45716638fb29;Degraded Service;Degraded Service;0;0;0;0
2024-10-07 20:15:00;RLZ-BX0836;AUSY:ETTP-1-7-19;81ab0922-f470-38de-a1d5-3a3031d8c2b3;0;0;Degraded Service;Degraded Service;Degraded Service;Degraded Service
2024-10-07 20:15:00;RLZ-BX0836;HIKA:ETTP-1-7-19;19b4a7c6-253b-33d3-8289-e7202152b6d9;0;0;Degraded Service;Degraded Service;Degraded Service;Degraded Service
2024-10-07 20:45:00;GLE-BC0686;AUSY:PORT-1-4;537520e5-0677-3bca-8305-5a9346d1a81f;0;Degraded Service;0;0;0;0
2024-10-07 20:45:00;GLE-BC0686;HIKA:PORT-1-4;846a84d8-116e-3380-af59-45716638fb29;0;Degraded Service;0;0;0;0
2024-10-07 20:45:00;GLE-BC0686;HIKA:PORT-1-4;e5e79ebf-c02f-3968-8113-54f6d67cf357;Degraded Service;0;0;0;0;0
2024-10-07 20:45:00;GLE-BC0686;USFB:PORT-1-4;c95ad048-5a45-3934-9ce4-ef778e516355;Degraded Service;0;0;0;0;0
2024-10-07 20:45:00;GLE-BC0689;AUSY:PORT-1-5;537520e5-0677-3bca-8305-5a9346d1a81f;0;Degraded Service;0;0;0;0
2024-10-07 20:45:00;GLE-BC0689;HIKA:PORT-1-5;846a84d8-116e-3380-af59-45716638fb29;0;Degraded Service;0;0;0;0
2024-10-07 20:45:00;GLE-BC0689;HIKA:PORT-1-5;e5e79ebf-c02f-3968-8113-54f6d67cf357;Degraded Service;0;0;0;0;0
2024-10-07 20:45:00;GLE-BC0689;USFB:PORT-1-5;c95ad048-5a45-3934-9ce4-ef778e516355;Degraded Service;0;0;0;0;0
2024-10-07 20:45:00;GLE-BC0698;AUSY:PORT-1-7;537520e5-0677-3bca-8305-5a9346d1a81f;Degraded Service;Degraded Service;0;0;0;0
2024-10-07 20:45:00;GLE-BC0698;HIKA:PORT-1-7;846a84d8-116e-3380-af59-45716638fb29;Degraded Service;Degraded Service;0;0;0;0
2024-10-07 20:45:00;GLE-BC0698;HIKA:PORT-1-7;e5e79ebf-c02f-3968-8113-54f6d67cf357;Degraded Service;Degraded Service;0;0;0;0
2024-10-07 20:45:00;GLE-BC0698;USFB:PORT-1-7;c95ad048-5a45-3934-9ce4-ef778e516355;Degraded Service;Degraded Service;0;0;0;0
2024-10-07 20:45:00;GLE-BC0701;AUSY:PORT-1-11;537520e5-0677-3bca-8305-5a9346d1a81f;0;Degraded Service;0;0;0;0
2024-10-07 20:45:00;GLE-BC0701;HIKA:PORT-1-11;846a84d8-116e-3380-af59-45716638fb29;0;Degraded Service;0;0;0;0
2024-10-07 20:45:00;GLE-BC0701;HIKA:PORT-1-11;e5e79ebf-c02f-3968-8113-54f6d67cf357;Degraded Service;0;0;0;0;0
2024-10-07 20:45:00;GLE-BC0701;USFB:PORT-1-11;c95ad048-5a45-3934-9ce4-ef778e516355;Degraded Service;0;0;0;0;0
2024-10-07 20:45:00;GLE-BC0704;HIKA:PORT-1-12;e5e79ebf-c02f-3968-8113-54f6d67cf357;Degraded Service;Degraded Service;0;0;0;0
2024-10-07 20:45:00;GLE-BC0704;USFB:PORT-1-12;c95ad048-5a45-3934-9ce4-ef778e516355;Degraded Service;Degraded Service;0;0;0;0
2024-10-07 20:45:00;GLE-BC0725;AUSY:PORT-3-11;537520e5-0677-3bca-8305-5a9346d1a81f;0;Degraded Service;0;0;0;0
2024-10-07 20:45:00;GLE-BC0725;HIKA:PORT-3-11;846a84d8-116e-3380-af59-45716638fb29;0;Degraded Service;0;0;0;0
2024-10-07 20:45:00;GLE-BC0725;HIKA:PORT-3-11;e5e79ebf-c02f-3968-8113-54f6d67cf357;Degraded Service;0;0;0;0;0
2024-10-07 20:45:00;GLE-BC0725;USFB:PORT-3-11;c95ad048-5a45-3934-9ce4-ef778e516355;Degraded Service;0;0;0;0;0
2024-10-07 20:45:00;GLE-BC0728;AUSY:PORT-3-12;537520e5-0677-3bca-8305-5a9346d1a81f;0;Degraded Service;0;0;0;0
2024-10-07 20:45:00;GLE-BC0728;HIKA:PORT-3-12;846a84d8-116e-3380-af59-45716638fb29;0;Degraded Service;0;0;0;0
2024-10-07 20:45:00;GLE-BC0728;HIKA:PORT-3-12;e5e79ebf-c02f-3968-8113-54f6d67cf357;Degraded Service;0;0;0;0;0
2024-10-07 20:45:00;GLE-BC0728;USFB:PORT-3-12;c95ad048-5a45-3934-9ce4-ef778e516355;Degraded Service;0;0;0;0;0
2024-10-07 20:45:00;GLE-BC0731;AUSY:PORT-3-13;537520e5-0677-3bca-8305-5a9346d1a81f;0;Degraded Service;0;0;0;0
2024-10-07 20:45:00;GLE-BC0731;HIKA:PORT-3-13;846a84d8-116e-3380-af59-45716638fb29;0;Degraded Service;0;0;0;0
2024-10-07 20:45:00;GLE-BC0731;HIKA:PORT-3-13;e5e79ebf-c02f-3968-8113-54f6d67cf357;Degraded Service;0;0;0;0;0
2024-10-07 20:45:00;GLE-BC0731;USFB:PORT-3-13;c95ad048-5a45-3934-9ce4-ef778e516355;Degraded Service;0;0;0;0;0
2024-10-07 20:45:00;GLE-BC0737;AUSY:PORT-5-3;537520e5-0677-3bca-8305-5a9346d1a81f;0;Degraded Service;0;0;0;0
2024-10-07 20:45:00;GLE-BC0737;HIKA:PORT-5-3;846a84d8-116e-3380-af59-45716638fb29;0;Degraded Service;0;0;0;0
2024-10-07 20:45:00;GLE-BC0737;HIKA:PORT-5-3;e5e79ebf-c02f-3968-8113-54f6d67cf357;Degraded Service;0;0;0;0;0
2024-10-07 20:45:00;GLE-BC0737;USFB:PORT-5-3;c95ad048-5a45-3934-9ce4-ef778e516355;Degraded Service;0;0;0;0;0
2024-10-07 20:45:00;GLE-BC0740;HIKA:PORT-5-4;e5e79ebf-c02f-3968-8113-54f6d67cf357;Degraded Service;Degraded Service;0;0;0;0
2024-10-07 20:45:00;GLE-BC0740;USFB:PORT-5-4;c95ad048-5a45-3934-9ce4-ef778e516355;Degraded Service;Degraded Service;0;0;0;0
2024-10-07 20:45:00;GLE-BC0749;AUSY:PORT-5-7;537520e5-0677-3bca-8305-5a9346d1a81f;Degraded Service;Degraded Service;0;0;0;0
2024-10-07 20:45:00;GLE-BC0749;HIKA:PORT-5-7;846a84d8-116e-3380-af59-45716638fb29;Degraded Service;Degraded Service;0;0;0;0
2024-10-07 20:45:00;GLE-BC0749;HIKA:PORT-5-7;e5e79ebf-c02f-3968-8113-54f6d67cf357;Degraded Service;Degraded Service;0;0;0;0
2024-10-07 20:45:00;GLE-BC0749;USFB:PORT-5-7;c95ad048-5a45-3934-9ce4-ef778e516355;Degraded Service;Degraded Service;0;0;0;0
2024-10-07 20:45:00;GLE-BC0758;AUSY:PORT-5-13;537520e5-0677-3bca-8305-5a9346d1a81f;0;Degraded Service;0;0;0;0
2024-10-07 20:45:00;GLE-BC0758;HIKA:PORT-5-13;846a84d8-116e-3380-af59-45716638fb29;0;Degraded Service;0;0;0;0
2024-10-07 20:45:00;GLE-BC0764;AUSY:PORT-7-3;537520e5-0677-3bca-8305-5a9346d1a81f;0;Degraded Service;0;0;0;0
2024-10-07 20:45:00;GLE-BC0764;HIKA:PORT-7-3;846a84d8-116e-3380-af59-45716638fb29;0;Degraded Service;0;0;0;0
2024-10-07 22:45:00;DEC-BC0314_PROV;AUSY:PORT-1-8;d8b78021-bd2e-3cfc-8d6a-585470ff4e21;Degraded Service;Degraded Service;0;0;0;0
2024-10-08 00:15:00;RLZ-BX0047;AUSY:ETTP-1-5-19;81ab0922-f470-38de-a1d5-3a3031d8c2b3;Degraded Service;0;0;0;0;0
2024-10-08 00:15:00;RLZ-BX0047;HIKA:ETTP-1-5-19;19b4a7c6-253b-33d3-8289-e7202152b6d9;0;Degraded Service;0;0;0;0
2024-10-08 00:15:00;RLZ-BX0047;HIKA:ETTP-2-5-19;deb5582c-2835-3257-bf13-8cfaf0f10873;Degraded Service;0;0;0;0;0
2024-10-08 00:15:00;RLZ-BX0047;USFB:ETTP-1-11-19;46147a67-1425-33bf-a847-7c08224a7811;0;Degraded Service;0;0;0;0
