ASH;AAA-BX0557;TBA ;American Samoa Co-op;true;ASGO;ASTF;ASH;ETTP-1-1-17;e11613a3-4d79-3b4d-bf2d-1aa6036c47bf
ASH;AAA-BX0557;TBA ;American Samoa Co-op;true;ASGO;ASTF;ASH;ETTP-1-1-17;dc13e04e-67b5-334a-8bb1-355d04e66087
EBAY;BAB-BX0158;442523533;CenturyLink;false;USFB;USSJ;EBAY;ETTP-2-5-26;deb5582c-2835-3257-bf13-8cfaf0f10873
EBAY;BAB-BX0158;442523533;CenturyLink;false;USFB;USSJ;EBAY;ETTP-1-5-26;81ab0922-f470-38de-a1d5-3a3031d8c2b3
EBAY;BAB-BX0158;442523533;CenturyLink;false;USFB;USSJ;EBAY;ETTP-1-11-26;46147a67-1425-33bf-a847-7c08224a7811
EBAY;BAB-BX0158;442523533;CenturyLink;false;USFB;USSJ;EBAY;ETTP-1-5-26;19b4a7c6-253b-33d3-8289-e7202152b6d9
DROPBOX;BOP-BC0957;22.DFIB.020016.96..WBB - Pair 9;Flexential;false;USFB;PDX01;DROPBOX;PORT-3-7;96f6e6c1-441c-33be-ad2a-3fd0cb21ae9b
DROPBOX;BOP-BC0957;22.DFIB.020016.96..WBB - Pair 9;Flexential;false;USFB;PDX01;DROPBOX;PORT-2-3;541744af-5005-3f00-8c34-129adfa1ea40
DROPBOX;BOP-BC0957;22.DFIB.020016.96..WBB - Pair 9;Flexential;false;USFB;PDX01;DROPBOX;PORT-1-7;37f1c72f-fbb7-3f8e-9631-48f0dcca6a65
STARLINK;BTV-BX1044;INT16111094 + BKH23488193;ONENZ;false;NZMA;QSTD;STARLINK;ETTP-5-5-20;facf7d88-e337-3525-8837-46cadf95d38f
STARLINK;BTV-BX1044;INT16111094 + BKH23488193;ONENZ;false;NZMA;QSTD;STARLINK;ETTP-1-5-20;85ee356a-67a8-3471-8301-a1eb7b24e5d3
META;CAC-BC0299;444025980;LUMEN;false;USFB;USWS;META;PORT-2-4;96f6e6c1-441c-33be-ad2a-3fd0cb21ae9b
META;CAC-BC0299;444025980;LUMEN;false;USFB;USWS;META;PORT-2-4;8232cdea-450b-326e-9ce2-09e5e056e8c2
META;CAC-BC0299;444025980;LUMEN;false;USFB;USWS;META;PORT-3-4;09135626-dc41-3c19-ba72-a36216587fd8
META;CAC-BC0494;444025982;LUMEN;false;USFB;USWS;META;PORT-1-3;96f6e6c1-441c-33be-ad2a-3fd0cb21ae9b
META;CAC-BC0494;444025982;LUMEN;false;USFB;USWS;META;PORT-1-3;8232cdea-450b-326e-9ce2-09e5e056e8c2
FACEBOOK;CAC-BC0494;444025982;LUMEN;false;USFB;USWS;FACEBOOK;PORT-1-3;09135626-dc41-3c19-ba72-a36216587fd8
META;CAC-BC0596;OQYX/342151//ZYO;ZAYO;false;USFB;USWS;META;PORT-1-4;9f23802a-43c9-3e72-830b-e44268b0956e
META;CAC-BC0596;OQYX/342151//ZYO;ZAYO;false;USFB;USWS;META;PORT-1-4;7457410e-2692-3274-a1bf-104ef4bc541a
FACEBOOK;CAC-BC0596;OQYX/342151//ZYO;ZAYO;false;USFB;USWS;FACEBOOK;PORT-1-4;4c6b63e3-e391-39dd-9776-00b7db55a165
META;CAC-BC1196;OQYX/396366//ZYO;Zayo;false;USFB;USWS;META;PORT-1-3;fa5fd6b1-dcbe-37b6-a3f9-3bb115f1b3cf
META;CAC-BC1196;OQYX/396366//ZYO;Zayo;false;USFB;USWS;META;PORT-1-3;f54680f8-cfb3-3952-89f8-732507078683
META;CAC-BC1196;OQYX/396366//ZYO;Zayo;false;USFB;USWS;META;PORT-1-3;708f165b-23f0-3cad-9215-9f3a9f6a415e
META;CAC-BC1196;OQYX/396366//ZYO;Zayo;false;USFB;USWS;META;PORT-1-3;40ebde54-e9eb-338d-a818-2916065b20af
AUSSIE BROADBAND;CAG-DL0076;OQYX/240632//ZYO;Zayo;false;USFB;USSJ;AUSSIE BROADBAND;PORT-1-7;96f6e6c1-441c-33be-ad2a-3fd0cb21ae9b
AUSSIE BROADBAND;CAG-DL0076;OQYX/240632//ZYO;Zayo;false;USFB;USSJ;AUSSIE BROADBAND;PORT-1-7;8232cdea-450b-326e-9ce2-09e5e056e8c2
AUSSIE BROADBAND;CAG-DL0076;OQYX/240632//ZYO;Zayo;false;USFB;USSJ;AUSSIE BROADBAND;PORT-2-3;09135626-dc41-3c19-ba72-a36216587fd8
ORANGE;CPZ-B30060;VWE163941;Vocus;false;AUSY;AUCW;ORANGE;ETTP-2-5-17;deb5582c-2835-3257-bf13-8cfaf0f10873
ORANGE;CPZ-B30060;VWE163941;Vocus;false;AUSY;AUCW;ORANGE;ETTP-1-5-17;81ab0922-f470-38de-a1d5-3a3031d8c2b3
ORANGE;CPZ-B30060;VWE163941;Vocus;false;AUSY;AUCW;ORANGE;ETTP-1-11-17;46147a67-1425-33bf-a847-7c08224a7811
ORANGE;CPZ-B30060;VWE163941;Vocus;false;AUSY;AUCW;ORANGE;ETTP-1-5-17;19b4a7c6-253b-33d3-8289-e7202152b6d9
AMAZON;DEC-BC0169;INT20787256/1;ONENZ;true;NZMA;NZAU;AMAZON;PORT-1-4;d8b78021-bd2e-3cfc-8d6a-585470ff4e21
AMAZON;DEC-BC0169;INT20787256/1;ONENZ;true;NZMA;NZAU;AMAZON;PORT-1-4;06fe09a9-1096-3875-85d6-804f27368939
AMAZON;DEC-BC0305;INT21135079/1;ONENZ;true;NZMA;NZAU;AMAZON;PORT-1-5;d8b78021-bd2e-3cfc-8d6a-585470ff4e21
AMAZON;DEC-BC0305;INT21135079/1;ONENZ;true;NZMA;NZAU;AMAZON;PORT-1-5;06fe09a9-1096-3875-85d6-804f27368939
AMAZON;DEC-BC0893;445354204;LUMEN;true;HIKA;ALOHANAP;AMAZON;PORT-3-11;7d51e007-f525-3d9a-82d7-85f13990f719
AMAZON;DEC-BC0893;445354204;LUMEN;true;HIKA;ALOHANAP;AMAZON;PORT-3-11;424dafe6-3c80-390b-a920-91ce1225f5e9
SALESFORCE;EEE-BX0491;442150336;CenturyLink;false;USLA;USSJ;SALESFORCE;ETTP-1-7-38;81ab0922-f470-38de-a1d5-3a3031d8c2b3
SALESFORCE;EEE-BX0491;442150336;CenturyLink;false;USLA;USSJ;SALESFORCE;ETTP-1-7-38;19b4a7c6-253b-33d3-8289-e7202152b6d9
AARNET;ETA-BC0668;22/WWAV/040476;Wave;false;USFB;USSW;AARNET;PORT-3-3;96f6e6c1-441c-33be-ad2a-3fd0cb21ae9b
AARNET;ETA-BC0668;22/WWAV/040476;Wave;false;USFB;USSW;AARNET;PORT-1-3;541744af-5005-3f00-8c34-129adfa1ea40
AARNET;ETA-BC0668;22/WWAV/040476;Wave;false;USFB;USSW;AARNET;PORT-1-3;37f1c72f-fbb7-3f8e-9631-48f0dcca6a65
ONATI;IOA-BX0527;ASH OEO 1 - A1;American Samoa Co-op;true;ASGO;ASTF;ONATI;ETTP-2-5-19;e8890b7f-a523-364d-887b-100fa1280916
ONATI;IOA-BX0527;ASH OEO 1 - A1;American Samoa Co-op;true;ASGO;ASTF;ONATI;ETTP-1-1-18;e11613a3-4d79-3b4d-bf2d-1aa6036c47bf
ONATI;IOA-BX0527;ASH OEO 1 - A1;American Samoa Co-op;true;ASGO;ASTF;ONATI;ETTP-1-1-18;dc13e04e-67b5-334a-8bb1-355d04e66087
ONATI;IOA-BX0527;ASH OEO 1 - A1;American Samoa Co-op;true;ASGO;ASTF;ONATI;ETTP-1-5-19;cebdf90b-f844-3bed-aca4-5f292d256677
ONATI;IOA-BX0527;ASH OEO 1 - A1;American Samoa Co-op;true;ASGO;ASTF;ONATI;ETTP-1-12-19;85ee356a-67a8-3471-8301-a1eb7b24e5d3
ONATI;IOA-BX0527;ASH OEO 1 - A1;American Samoa Co-op;true;ASGO;ASTF;ONATI;ETTP-3-5-19;5752a580-c4e5-3432-a000-a222e23a338b
ONATI;IOA-BX0533;ASH OEO 1 - B1;American Samoa Co-op;true;ASGO;ASTF;ONATI;ETTP-1-1-19;e11613a3-4d79-3b4d-bf2d-1aa6036c47bf
ONATI;IOA-BX0533;ASH OEO 1 - B1;American Samoa Co-op;true;ASGO;ASTF;ONATI;ETTP-1-1-19;dc13e04e-67b5-334a-8bb1-355d04e66087
ONATi;IOA-BX0536;ASH OEO 1 - C1;American Samoa Co-op;true;ASGO;ASTF;ONATi;ETTP-1-1-20;e11613a3-4d79-3b4d-bf2d-1aa6036c47bf
ONATI;IOA-BX0536;ASH OEO 1 - C1;American Samoa Co-op;true;ASGO;ASTF;ONATI;ETTP-2-13-32;deb5582c-2835-3257-bf13-8cfaf0f10873
ONATI;IOA-BX0536;ASH OEO 1 - C1;American Samoa Co-op;true;ASGO;ASTF;ONATI;ETTP-1-1-20;dc13e04e-67b5-334a-8bb1-355d04e66087
ONATi;IOA-BX0536;ASH OEO 1 - C1;American Samoa Co-op;true;ASGO;ASTF;ONATi;ETTP-1-21-32;46147a67-1425-33bf-a847-7c08224a7811
ONATi;IOA-BX0539;ASH OEO 1 - D1;American Samoa Co-op;true;ASGO;ASTF;ONATi;ETTP-1-1-21;e11613a3-4d79-3b4d-bf2d-1aa6036c47bf
ONATI;IOA-BX0539;ASH OEO 1 - D1;American Samoa Co-op;true;ASGO;ASTF;ONATI;ETTP-2-13-33;deb5582c-2835-3257-bf13-8cfaf0f10873
ONATI;IOA-BX0539;ASH OEO 1 - D1;American Samoa Co-op;true;ASGO;ASTF;ONATI;ETTP-1-1-21;dc13e04e-67b5-334a-8bb1-355d04e66087
ONATi;IOA-BX0539;ASH OEO 1 - D1;American Samoa Co-op;true;ASGO;ASTF;ONATi;ETTP-1-21-33;46147a67-1425-33bf-a847-7c08224a7811
ONATi;IOA-BX0542;ASH OEO 2 - A1;American Samoa Co-op;true;ASGO;ASTF;ONATi;ETTP-1-1-23;e11613a3-4d79-3b4d-bf2d-1aa6036c47bf
ONATI;IOA-BX0542;ASH OEO 2 - A1;American Samoa Co-op;true;ASGO;ASTF;ONATI;ETTP-2-13-35;deb5582c-2835-3257-bf13-8cfaf0f10873
ONATI;IOA-BX0542;ASH OEO 2 - A1;American Samoa Co-op;true;ASGO;ASTF;ONATI;ETTP-1-1-23;dc13e04e-67b5-334a-8bb1-355d04e66087
ONATi;IOA-BX0542;ASH OEO 2 - A1;American Samoa Co-op;true;ASGO;ASTF;ONATi;ETTP-1-21-35;46147a67-1425-33bf-a847-7c08224a7811
EQUINIX;IQX-BC1053;444744755;Lumen;true;USFB;USSW;EQUINIX;PORT-3-8;96f6e6c1-441c-33be-ad2a-3fd0cb21ae9b
EQUINIX;IQX-BC1053;444744755;Lumen;true;USFB;USSW;EQUINIX;PORT-2-4;541744af-5005-3f00-8c34-129adfa1ea40
EQUINIX;IQX-BC1053;444744755;Lumen;true;USFB;USSW;EQUINIX;PORT-1-8;37f1c72f-fbb7-3f8e-9631-48f0dcca6a65
EQUINIX;IQX-BX0398;99/WWAV/34086//WBB 99/WWAV/34021//WBB ;Wave;true;USFB;USSW;EQUINIX;ETTP-2-13-24;deb5582c-2835-3257-bf13-8cfaf0f10873
EQUINIX;IQX-BX0398;99/WWAV/34086//WBB 99/WWAV/34021//WBB ;Wave;true;USFB;USSW;EQUINIX;ETTP-1-7-24;81ab0922-f470-38de-a1d5-3a3031d8c2b3
EQUINIX;IQX-BX0398;99/WWAV/34086//WBB 99/WWAV/34021//WBB ;Wave;true;USFB;USSW;EQUINIX;ETTP-1-21-24;46147a67-1425-33bf-a847-7c08224a7811
EQUINIX;IQX-BX0398;99/WWAV/34086//WBB 99/WWAV/34021//WBB ;Wave;true;USFB;USSW;EQUINIX;ETTP-1-7-24;19b4a7c6-253b-33d3-8289-e7202152b6d9
HURRICANE ELECTRIC;JMV-BC1222;INT23492505;ONENZ;true;NZMA;QSTD;HURRICANE ELECTRIC;PORT-1-5;fa5fd6b1-dcbe-37b6-a3f9-3bb115f1b3cf
HURRICANE ELECTRIC;JMV-BC1222;INT23492505;ONENZ;true;NZMA;QSTD;HURRICANE ELECTRIC;PORT-1-5;f54680f8-cfb3-3952-89f8-732507078683
HURRICANE ELECTRIC;JMV-BC1222;INT23492505;ONENZ;true;NZMA;QSTD;HURRICANE ELECTRIC;PORT-1-5;708f165b-23f0-3cad-9215-9f3a9f6a415e
HURRICANE ELECTRIC;JMV-BC1222;INT23492505;ONENZ;true;NZMA;QSTD;HURRICANE ELECTRIC;PORT-1-5;40ebde54-e9eb-338d-a818-2916065b20af
HURRICANE ELECTRIC;JMV-BC1225;INT23492506;ONENZ;true;NZMA;QSTD;HURRICANE ELECTRIC;PORT-2-3;6a1144f4-091f-320f-b309-a331095b5239
HURRICANE ELECTRIC;JMV-BC1225;INT23492506;ONENZ;true;NZMA;QSTD;HURRICANE ELECTRIC;PORT-2-3;48c69ad2-ec88-326b-a2e8-1a4e6dfeb829
DEVOLI;LLO-BCD1272;HCLS-MDR 400G001 - BKH24097929;ONENZ;true;NZMA;NZMD;DEVOLI;PORT-3-3;aae80b31-5728-3c42-9515-eb4488df7433
DEVOLI;LLO-BCD1272;HCLS-MDR 400G001 - BKH24097929;ONENZ;true;NZMA;NZMD;DEVOLI;PORT-3-3;3ca1f70a-f6ec-36ba-a9e6-5ef5c1664d5d
MICROSOFT;MSO-BC0671;442722048;CenturyLink;false;HIKA;HIHO;MICROSOFT;PORT-3-4;fb8cfb4c-0faf-3241-a3f3-e5c4fe91b4df
MICROSOFT;MSO-BC0671;442722048;CenturyLink;false;HIKA;HIHO;MICROSOFT;PORT-3-4;a26c2a6e-211d-3e64-96b0-02d809d54207
MICROSOFT;MSO-BC0677;442722063;CenturyLink;false;HIKA;HIHO;MICROSOFT;PORT-1-3;ea0a34d7-7b2f-30db-a2ed-0ae76046baf9
MICROSOFT;MSO-BC0677;442722063;CenturyLink;false;HIKA;HIHO;MICROSOFT;PORT-1-3;26800faf-0c71-3e31-85e6-cae01bcf983e
ZAYO;MVY-BX0969;2D000052;FibreconX;false;AUSY;GSDC;ZAYO;ETTP-2-13-20;deb5582c-2835-3257-bf13-8cfaf0f10873
ZAYO;MVY-BX0969;2D000052;FibreconX;false;AUSY;GSDC;ZAYO;ETTP-1-7-20;81ab0922-f470-38de-a1d5-3a3031d8c2b3
ZAYO;MVY-BX0969;2D000052;FibreconX;false;AUSY;GSDC;ZAYO;ETTP-1-21-20;46147a67-1425-33bf-a847-7c08224a7811
ZAYO;MVY-BX0969;2D000052;FibreconX;false;AUSY;GSDC;ZAYO;ETTP-1-7-20;19b4a7c6-253b-33d3-8289-e7202152b6d9
AT&T;NJZ-BC1068;22/EWAV/053644//WBB;Astound Broadband;false;USFB;AT&T POP;AT&T;PORT-3-7;d53ea14e-babf-34ca-856c-f96e3574e920
AT&T;NJZ-BC1068;22/EWAV/053644//WBB;Astound Broadband;false;USFB;AT&T POP;AT&T;PORT-3-7;b1b43e65-5fab-3e5b-8ab1-ef84cf49a787
AT&T;NJZ-BX0007;INT16111090/1;ONENZ;true;NZMA;NZAU;AT&T;ETTP-2-5-27;e8890b7f-a523-364d-887b-100fa1280916
AT&T;NJZ-BX0007;INT16111090/1;ONENZ;true;NZMA;NZAU;AT&T;ETTP-3-5-27;5752a580-c4e5-3432-a000-a222e23a338b
COGENT;ONC-BC1002;INT21650348/1;ONENZ;true;NZMA;NZAU;COGENT;PORT-3-4;6a1144f4-091f-320f-b309-a331095b5239
COGENT;ONC-BC1002;INT21650348/1;ONENZ;true;NZMA;NZAU;COGENT;PORT-3-4;48c69ad2-ec88-326b-a2e8-1a4e6dfeb829
COGENT;ONC-BC1231;INT23483911;ONENZ;true;NZMA;NZAU;COGENT;PORT-1-4;fa5fd6b1-dcbe-37b6-a3f9-3bb115f1b3cf
COGENT;ONC-BC1231;INT23483911;ONENZ;true;NZMA;NZAU;COGENT;PORT-1-4;f54680f8-cfb3-3952-89f8-732507078683
COGENT;ONC-BC1231;INT23483911;ONENZ;true;NZMA;NZAU;COGENT;PORT-1-4;708f165b-23f0-3cad-9215-9f3a9f6a415e
COGENT;ONC-BC1231;INT23483911;ONENZ;true;NZMA;NZAU;COGENT;PORT-1-4;40ebde54-e9eb-338d-a818-2916065b20af
COLT;PTJ-BX0911;443542432;LUMEN;false;USFB;USLA;COLT;PORT-3-3.1;ea0a34d7-7b2f-30db-a2ed-0ae76046baf9
COLT;PTJ-BX0911;443542432;LUMEN;false;USFB;USLA;COLT;PORT-3-3.1;5ebcdafc-d82c-3220-85a4-67be8ed1b25a
COLT;PTJ-BX0911;443542432;LUMEN;false;USFB;USLA;COLT;PORT-3-3.1;26800faf-0c71-3e31-85e6-cae01bcf983e
COLT;PTJ-BX0911;443542432;LUMEN;false;USFB;USLA;COLT;PORT-3-3.1;084c2073-56b2-354e-8eaf-064a3c11f678
COLT;PTJ-BX1074;444988214;Lumen;false;USFB;USLA;COLT;ETTP-2-13-25;deb5582c-2835-3257-bf13-8cfaf0f10873
COLT;PTJ-BX1074;444988214;Lumen;false;USFB;USLA;COLT;ETTP-1-7-25;81ab0922-f470-38de-a1d5-3a3031d8c2b3
COLT;PTJ-BX1074;444988214;Lumen;false;USFB;USLA;COLT;ETTP-1-21-25;46147a67-1425-33bf-a847-7c08224a7811
COLT;PTJ-BX1074;444988214;Lumen;false;USFB;USLA;COLT;ETTP-1-7-25;19b4a7c6-253b-33d3-8289-e7202152b6d9
MEGAPORT;RTO-BX0575;INT16111091/1;ONENZ;true;NZMA;NZAU;MEGAPORT;ETTP-2-5-17;e8890b7f-a523-364d-887b-100fa1280916
MEGAPORT;RTO-BX0575;INT16111091/1;ONENZ;true;NZMA;NZAU;MEGAPORT;ETTP-3-5-17;5752a580-c4e5-3432-a000-a222e23a338b
DTS;SDD-BX0266;INT15887802/1;ONENZ;true;NZMA;NZMD;DTS;ETTP-2-5-32;e8890b7f-a523-364d-887b-100fa1280916
DTS;SDD-BX0266;INT15887802/1;ONENZ;true;NZMA;NZMD;DTS;ETTP-3-5-32;5752a580-c4e5-3432-a000-a222e23a338b
SONY;SSN-BX0365;441822548;CenturyLink;false;USFB;USSJ;SONY;ETTP-2-5-38;deb5582c-2835-3257-bf13-8cfaf0f10873
SONY;SSN-BX0365;441822548;CenturyLink;false;USFB;USSJ;SONY;ETTP-1-5-38;81ab0922-f470-38de-a1d5-3a3031d8c2b3
SONY;SSN-BX0365;441822548;CenturyLink;false;USFB;USSJ;SONY;ETTP-1-11-38;46147a67-1425-33bf-a847-7c08224a7811
SONY;SSN-BX0365;441822548;CenturyLink;false;USFB;USSJ;SONY;ETTP-1-5-38;19b4a7c6-253b-33d3-8289-e7202152b6d9
AKAMAI;TCA-BC0981;INT22749612;ONENZ;true;NZMA;NZMD;AKAMAI;PORT-3-3;6a1144f4-091f-320f-b309-a331095b5239
AKAMAI;TCA-BC0981;INT22749612;ONENZ;true;NZMA;NZMD;AKAMAI;PORT-3-3;48c69ad2-ec88-326b-a2e8-1a4e6dfeb829
APPLE;TMK-BC0030;OGYX/172747//ZYO;Zayo;false;USFB;USSW;APPLE;PORT-3-3;d53ea14e-babf-34ca-856c-f96e3574e920
APPLE;TMK-BC0030;OGYX/172747//ZYO;Zayo;false;USFB;USSW;APPLE;PORT-3-3;b1b43e65-5fab-3e5b-8ab1-ef84cf49a787
APPLE;TMK-BC0030;OGYX/172747//ZYO;Zayo;false;USFB;USSW;APPLE;PORT-3-3;82a96565-4108-3d43-9c4f-8240fae93027
APPLE;TMK-BC0030;OGYX/172747//ZYO;Zayo;false;USFB;USSW;APPLE;PORT-3-3;7989d0e0-8d47-3d62-b4e5-e379c1f286ad
APPLE;TMK-BC1269;99/EWAV/146241//WBB;Astound Broadband;false;USFB;USSW;APPLE;PORT-7-13;a26c2a6e-211d-3e64-96b0-02d809d54207
APPLE;TMK-BC1269;99/EWAV/146241//WBB;Astound Broadband;false;USFB;USSW;APPLE;PORT-7-13;730bda79-6193-3df0-b4a9-df1e10cd9c12
APPLE;TMK-BC1269;99/EWAV/146241//WBB;Astound Broadband;false;USFB;USSW;APPLE;PORT-7-13;1b2c2aa9-aeae-34d2-8bf5-91786deef8fd
APPLE;TMK-BC1269;99/EWAV/146241//WBB;Astound Broadband;false;USFB;USSW;APPLE;PORT-7-13;	fb8cfb4c-0faf-3241-a3f3-e5c4fe91b4df
APPLE;TMK-BX1014;444431489;LUMEN;true;HIKA;DRFS;APPLE;ETTP-2-13-37;deb5582c-2835-3257-bf13-8cfaf0f10873
APPLE;TMK-BX1014;444431489;LUMEN;true;HIKA;DRFS;APPLE;ETTP-1-21-37;46147a67-1425-33bf-a847-7c08224a7811
TRUSTPOWER;VGZ-BC0080;INT15724643/1;ONENZ;true;NZMA;NZAU;TRUSTPOWER;PORT-1-7;9f23802a-43c9-3e72-830b-e44268b0956e
TRUSTPOWER;VGZ-BC0080;INT15724643/1;ONENZ;true;NZMA;NZAU;TRUSTPOWER;PORT-1-7;7457410e-2692-3274-a1bf-104ef4bc541a
TRUSTPOWER;VGZ-BC0080;INT15724643/1;ONENZ;true;NZMA;NZAU;TRUSTPOWER;PORT-2-3;4c6b63e3-e391-39dd-9776-00b7db55a165
TRUSTPOWER;VGZ-BC1047;INT23273521;ONENZ;true;NZMA;NZMD;TRUSTPOWER;PORT-3-5;6a1144f4-091f-320f-b309-a331095b5239
TRUSTPOWER;VGZ-BC1047;INT23273521;ONENZ;true;NZMA;NZMD;TRUSTPOWER;PORT-3-5;48c69ad2-ec88-326b-a2e8-1a4e6dfeb829
TRUSTPOWER;VGZ-BC1158;INT21637474/1;ONENZ;true;NZMA;NZMD;TRUSTPOWER;PORT-1-5;6a1144f4-091f-320f-b309-a331095b5239
TRUSTPOWER;VGZ-BC1158;INT21637474/1;ONENZ;true;NZMA;NZMD;TRUSTPOWER;PORT-1-5;48c69ad2-ec88-326b-a2e8-1a4e6dfeb829
ONEWEB;WFB-BX0948;82/KGGS/000163//HAWT/;Hawaiian Tel;false;HIKA;DRFS;ONEWEB;PORT-3-3.4;5ebcdafc-d82c-3220-85a4-67be8ed1b25a
ONEWEB;WFB-BX0948;82/KGGS/000163//HAWT/;Hawaiian Tel;false;HIKA;DRFS;ONEWEB;PORT-3-3.4;084c2073-56b2-354e-8eaf-064a3c11f678
JUMPTRADING;WNQ-BX1065;99/EWAV/051383//WBB;Astound Broadband;false;USFB;USSW;JUMPTRADING;ETTP-2-5-39;deb5582c-2835-3257-bf13-8cfaf0f10873
JUMPTRADING;WNQ-BX1065;99/EWAV/051383//WBB;Astound Broadband;false;USFB;USSW;JUMPTRADING;ETTP-1-5-39;81ab0922-f470-38de-a1d5-3a3031d8c2b3
JUMPTRADING;WNQ-BX1065;99/EWAV/051383//WBB;Astound Broadband;false;USFB;USSW;JUMPTRADING;ETTP-1-11-39;46147a67-1425-33bf-a847-7c08224a7811
JUMPTRADING;WNQ-BX1065;99/EWAV/051383//WBB;Astound Broadband;false;USFB;USSW;JUMPTRADING;ETTP-1-5-39;19b4a7c6-253b-33d3-8289-e7202152b6d9
REANNZ;XUC-BC0419;INT16300000;ONENZ;false;NZMA;NZAU;REANNZ;PORT-1-3;7457410e-2692-3274-a1bf-104ef4bc541a
REANNZ;XUC-BC0419;INT16300000;ONENZ;false;NZMA;NZAU;REANNZ;PORT-1-3;4c6b63e3-e391-39dd-9776-00b7db55a165
PELAGIC KIWI;ZZV-BC1252;INT23492504/1;OneNZ;true;NZMA;NZAU;PELAGIC KIWI;PORT-1-14;fa5fd6b1-dcbe-37b6-a3f9-3bb115f1b3cf
PELAGIC KIWI;ZZV-BC1252;INT23492504/1;OneNZ;true;NZMA;NZAU;PELAGIC KIWI;PORT-1-14;708f165b-23f0-3cad-9215-9f3a9f6a415e
PELAGIC KIWI;ZZV-BC1255;INT23483912/1;OneNZ;true;NZMA;NZAU;PELAGIC KIWI;PORT-1-14;aae80b31-5728-3c42-9515-eb4488df7433
PELAGIC KIWI;ZZV-BC1255;INT23483912/1;OneNZ;true;NZMA;NZAU;PELAGIC KIWI;PORT-1-14;3ca1f70a-f6ec-36ba-a9e6-5ef5c1664d5d
