date_time;customer;serviceid;pmsource;vendor;nodeid;pecin;pecout;sesin;sesout;esin;esout
2024-09-30 01:00:00;DROPBOX;BOP-BC0957;AUSY:PORT-3-7;CWSAI-1;96f6e6c1-441c-33be-ad2a-3fd0cb21ae9b;0;0;0;0;Degraded Service;0
2024-09-30 01:00:00;PELAGIC KIWI;ZZV-BC1252;HIKA:PORT-1-14;CWS5-1;fa5fd6b1-dcbe-37b6-a3f9-3bb115f1b3cf;Degraded Service;Degraded Service;0;0;0;0
2024-09-18 01:00:00;PELAGIC KIWI;ZZV-BC1252;HIKA:PORT-1-14;CWS5-1;fa5fd6b1-dcbe-37b6-a3f9-3bb115f1b3cf;Degraded Service;Degraded Service;0;0;0;0
2024-09-30 01:00:00;DROPBOX;BOP-BC0957;AUSY:PORT-3-7;CWSAI-1;96f6e6c1-441c-33be-ad2a-3fd0cb21ae9b;0;0;0;0;Degraded Service;0
2024-09-18 01:00:00;DROPBOX;BOP-BC0957;AUSY:PORT-3-7;CWSAI-1;96f6e6c1-441c-33be-ad2a-3fd0cb21ae9b;0;0;0;0;Degraded Service;0
2024-09-30 01:00:00;PELAGIC KIWI;ZZV-BC1252;HIKA:PORT-1-14;CWS5-1;fa5fd6b1-dcbe-37b6-a3f9-3bb115f1b3cf;Degraded Service;Degraded Service;0;0;0;0
2024-09-18 01:00:00;PELAGIC KIWI;ZZV-BC1252;HIKA:PORT-1-14;CWS5-1;fa5fd6b1-dcbe-37b6-a3f9-3bb115f1b3cf;Degraded Service;Degraded Service;0;0;0;0
2024-09-30 01:00:00;DROPBOX;BOP-BC0957;AUSY:PORT-3-7;CWSAI-1;96f6e6c1-441c-33be-ad2a-3fd0cb21ae9b;0;0;0;0;Degraded Service;0
2024-06-18 01:00:00;DROPBOX;BOP-BC0957;AUSY:PORT-3-7;CWSAI-1;96f6e6c1-441c-33be-ad2a-3fd0cb21ae9b;0;0;0;0;Degraded Service;0
2024-06-30 01:00:00;PELAGIC KIWI;ZZV-BC1252;HIKA:PORT-1-14;CWS5-1;fa5fd6b1-dcbe-37b6-a3f9-3bb115f1b3cf;Degraded Service;Degraded Service;0;0;0;0
2024-06-18 01:00:00;PELAGIC KIWI;ZZV-BC1252;HIKA:PORT-1-14;CWS5-1;fa5fd6b1-dcbe-37b6-a3f9-3bb115f1b3cf;Degraded Service;Degraded Service;0;0;0;0
2024-06-30 01:00:00;DROPBOX;BOP-BC0957;AUSY:PORT-3-7;CWSAI-1;96f6e6c1-441c-33be-ad2a-3fd0cb21ae9b;0;0;0;0;Degraded Service;0
2024-03-18 01:00:00;DROPBOX;BOP-BC0957;AUSY:PORT-3-7;CWSAI-1;96f6e6c1-441c-33be-ad2a-3fd0cb21ae9b;0;0;0;0;Degraded Service;0
2024-06-30 01:00:00;PELAGIC KIWI;ZZV-BC1252;HIKA:PORT-1-14;CWS5-1;fa5fd6b1-dcbe-37b6-a3f9-3bb115f1b3cf;Degraded Service;Degraded Service;0;0;0;0
2024-09-18 01:00:00;PELAGIC KIWI;ZZV-BC1252;HIKA:PORT-1-14;CWS5-1;fa5fd6b1-dcbe-37b6-a3f9-3bb115f1b3cf;Degraded Service;Degraded Service;0;0;0;0
2024-09-30 01:00:00;DROPBOX;BOP-BC0957;AUSY:PORT-3-7;CWSAI-1;96f6e6c1-441c-33be-ad2a-3fd0cb21ae9b;0;0;0;0;Degraded Service;0
2024-09-18 01:00:00;DROPBOX;BOP-BC0957;AUSY:PORT-3-7;CWSAI-1;96f6e6c1-441c-33be-ad2a-3fd0cb21ae9b;0;0;0;0;Degraded Service;0
2024-08-30 01:00:00;PELAGIC KIWI;ZZV-BC1252;HIKA:PORT-1-14;CWS5-1;fa5fd6b1-dcbe-37b6-a3f9-3bb115f1b3cf;Degraded Service;Degraded Service;0;0;0;0
2024-04-18 01:00:00;PELAGIC KIWI;ZZV-BC1252;HIKA:PORT-1-14;CWS5-1;fa5fd6b1-dcbe-37b6-a3f9-3bb115f1b3cf;Degraded Service;Degraded Service;0;0;0;0
2024-05-30 01:00:00;DROPBOX;BOP-BC0957;AUSY:PORT-3-7;CWSAI-1;96f6e6c1-441c-33be-ad2a-3fd0cb21ae9b;0;0;0;0;Degraded Service;0
2024-09-18 01:00:00;DROPBOX;BOP-BC0957;AUSY:PORT-3-7;CWSAI-1;96f6e6c1-441c-33be-ad2a-3fd0cb21ae9b;0;0;0;0;Degraded Service;0
2024-09-30 01:00:00;PELAGIC KIWI;ZZV-BC1252;HIKA:PORT-1-14;CWS5-1;fa5fd6b1-dcbe-37b6-a3f9-3bb115f1b3cf;Degraded Service;Degraded Service;0;0;0;0
2024-09-18 01:00:00;PELAGIC KIWI;ZZV-BC1252;HIKA:PORT-1-14;CWS5-1;fa5fd6b1-dcbe-37b6-a3f9-3bb115f1b3cf;Degraded Service;Degraded Service;0;0;0;0
2024-06-30 01:00:00;PELAGIC KIWI;ZZV-BC1252;HIKA:PORT-1-14;CWS5-1;fa5fd6b1-dcbe-37b6-a3f9-3bb115f1b3cf;Degraded Service;Degraded Service;0;0;0;0
2024-06-18 01:00:00;PELAGIC KIWI;ZZV-BC1252;HIKA:PORT-1-14;CWS5-1;fa5fd6b1-dcbe-37b6-a3f9-3bb115f1b3cf;Degraded Service;Degraded Service;0;0;0;0
2024-06-30 01:00:00;DROPBOX;BOP-BC0957;AUSY:PORT-3-7;CWSAI-1;96f6e6c1-441c-33be-ad2a-3fd0cb21ae9b;0;0;0;0;Degraded Service;0
2024-03-18 01:00:00;DROPBOX;BOP-BC0957;AUSY:PORT-3-7;CWSAI-1;96f6e6c1-441c-33be-ad2a-3fd0cb21ae9b;0;0;0;0;Degraded Service;0
2024-06-30 01:00:00;PELAGIC KIWI;ZZV-BC1252;HIKA:PORT-1-14;CWS5-1;fa5fd6b1-dcbe-37b6-a3f9-3bb115f1b3cf;Degraded Service;Degraded Service;0;0;0;0
2024-09-18 01:00:00;PELAGIC KIWI;ZZV-BC1252;HIKA:PORT-1-14;CWS5-1;fa5fd6b1-dcbe-37b6-a3f9-3bb115f1b3cf;Degraded Service;Degraded Service;0;0;0;0
2024-09-18 01:00:00;PELAGIC KIWI;ZZV-BC1252;HIKA:PORT-1-14;CWS5-1;fa5fd6b1-dcbe-37b6-a3f9-3bb115f1b3cf;Degraded Service;Degraded Service;0;0;0;1
2024-09-30 01:00:00;DROPBOX;BOP-BC0957;AUSY:PORT-3-7;CWSAI-1;96f6e6c1-441c-33be-ad2a-3fd0cb21ae9b;0;0;0;0;Degraded Service;0
2024-09-18 01:00:00;DROPBOX;BOP-BC0957;AUSY:PORT-3-7;CWSAI-1;96f6e6c1-441c-33be-ad2a-3fd0cb21ae9b;0;0;0;0;Degraded Service;0
2024-08-30 01:00:00;PELAGIC KIWI;ZZV-BC1252;HIKA:PORT-1-14;CWS5-1;fa5fd6b1-dcbe-37b6-a3f9-3bb115f1b3cf;Degraded Service;Degraded Service;0;0;0;0
2024-04-18 01:00:00;PELAGIC KIWI;ZZV-BC1252;HIKA:PORT-1-14;CWS5-1;fa5fd6b1-dcbe-37b6-a3f9-3bb115f1b3cf;Degraded Service;Degraded Service;0;0;0;0
2024-05-30 01:00:00;DROPBOX;BOP-BC0957;AUSY:PORT-3-7;CWSAI-1;96f6e6c1-441c-33be-ad2a-3fd0cb21ae9b;0;0;0;0;Degraded Service;0
2024-09-18 01:00:00;DROPBOX;BOP-BC0957;AUSY:PORT-3-7;CWSAI-1;96f6e6c1-441c-33be-ad2a-3fd0cb21ae9b;0;0;0;0;Degraded Service;0
2024-09-30 01:00:00;PELAGIC KIWI;ZZV-BC1252;HIKA:PORT-1-14;CWS5-1;fa5fd6b1-dcbe-37b6-a3f9-3bb115f1b3cf;Degraded Service;Degraded Service;0;0;0;0
2024-09-18 01:00:00;PELAGIC KIWI;ZZV-BC1252;HIKA:PORT-1-14;CWS5-1;fa5fd6b1-dcbe-37b6-a3f9-3bb115f1b3cf;Degraded Service;Degraded Service;0;0;0;0
